Sex;Age;SpanishLatinoHispanic;BlackNonBlack;USBorn;MaritalStatus_NeverMarried;MaritalStatu_Separated;MaritalStatus_Married;MaritalStatus_Divorced;MaritalStatus_Widowed;USMilitaryService;CurrentlySentencedToServeTime;AgeAtFirstArrest;BeforeAdmissionHighestGradeOfSchoolAttended_HighSchool;BeforeAdmissionHighestGradeOfSchoolAttended_College;BeforeAdmissionHighestGradeOfSchoolAttended_Elementary;BeforeAdmissionHighestGradeOfSchoolAttended_GraduateSchool;BeforeAdmissionHighestGradeOfSchoolAttended_NeverAttended;CompletedThatYear;DuringTheMonthBeforeArrestHadJobOrBusiness;BeforeArrestEverHomeless;AnyFamilyEverBeenSentencedAndServedTimeInJailOrPrison;HaveFriendsUsingDrugs;HaveFriendsDestroyingOrDamagingProperty;HaveFriendsShoplifting;HaveFriendsStealingMotorVehicles;HaveFriendsSellingStolenProperty;HaveFriendsBreakingIntoHomes;HaveFriendsSellingImportingOrManufacturingDrug;HaveFriendssMuggingRobbingOrExtorting;HaveFriendsAnyOtherIllegalActivity;BeforeAdmissionAnyoneEverPressuredOrForcedYouToHaveAnySexualContact;BeforeAdmissonEverBeenPhysicallyAbused;AgeWhenFirstStartedDrinking;EverDrunkAlcoholicBeveragesMoreThanOnceAWeekForMoreThanAMonth;InYearBeforeOffenseDidYouDrinkAnyAlcohol;DrinkingAnyAlcoholAtTimeOffense;EverUsedHeroin;EverUsedOtherOpiate;EverUsedMethamphetamine;EverUsedOtherAmphetamine;EverUsedMethaqualone;EverUsedBarbiturates;EverUsedTranquilizers;EverUsedCrack;EverUsedCocaine;EverUsedPcp;EverUsedEcstasy;EverUsedLsd;EverUsedMarijuanaOrHashish;EverUsedAnyOtherDrugsThatWeDidnTMention;EverInhaledOrSniffedSubstancesToGetHigh;AgeFirstTimeYouUsedDrugs;EverAttendedAnyKindOfAlcoholOrDrugTreatmentProgram;AtAdmissionTakingPrescribedMedication;TestResultTb_Negative;TestResultTb_Positive;TestResultTb_ResultNotAvailableYet;HadMedicalExamination;BloodTest;IntentionallyInjured;EverDiagnosedADepressiveDisorder;EverDiagnosedManicDepressionBipolarDisorderOrMania;EverDiagnosedSchizophreniaOrAnotherPsychoticDisorder;EverDiagnosedPostTraumaticStressDisorder;EverDiagnosedAnotherAnxietyDisorderSuchAsAPanicDisorder;EverDiagnosedAPersonalityDisorder;EverDiagnosedAnyOtherMentalOrEmotionalCondition;EverReceivedCounselingFromTrainedProfessional;EverReceivedOtherMentalHealthTreatmentOrServices;EverAttemptedSuicide;EverConsideredSuicide;DifficultySeeingNewsprintEvenWithGlasses;DifficultyHearingConversationEvenWithHearingAid;LearningDisability;SpeechImpairment;UseAidsToHelpWithDailyActivities;EnrolledInSpecialEducationClasses;ConsiderYourselfToHaveADisability;HoursSpentWhereYouSleepLast24Hour;SpentTimeInPhysicalExerciseLast24Hours;TelevisionAvailableInThisPrison;WatchAnyTelevisionLast24Hours;NewspapersMagazinesOrBooksAvailable;SpentAnyTimeReadingLast24Hours;SpendAnyTimeInOtherRecreationLast24Hours;EngagedInAnyReligiousActivities;TelephoneFriendsAndFamily;NmbrOfTelephoneCallsHaveYouMadeOrReceivedLastWeek;VisitsLastMonth;WorkAssignmentOffPrisonGrounds;WorkAssignment;AnyVocationalOrJobTrainingProgram;AnyOtherEducationProgram;ReligiousStudyGroupes;EthnicOrRacialOrganization;InmateAssistanceGroups;OtherInmateSelfHelpGroups;EmploymentCounseling;ClassesInParentingOrChildRearingSkills;ClassesInLifeSkillsAndCommunityAdjustment;OtherPreReleasePrograms;GivenFurloughOrDayPass;TypeOfOffenses_Violent;TypeOfOffenses_Drug;TypeOfOffenses_Property;TypeOfOffenses_PublicOrder;PrevProbation;UsedAlcohol;UsedDrugs;VeteranStatus;GedEarned;AnyChildrenIncludingStepOrAdoptedChildren;MadeOrReceivedCallsFromChildren_Monthly;MadeOrReceivedCallsFromChildren_Never;MadeOrReceivedCallsFromChildren_Weekly;SentOrReceivedMailFromChildren_Monthly;SentOrReceivedMailFromChildren_Weekly;SentOrReceivedMailFromChildren_Never;VisitedByChildren_Weekly;VisitedByChildren_Never;VisitedByChildren_Monthly;HivTested;ResultOfLastTestHIV_Negative;ResultOfLastTestHIV_ResultNotAvailableYet;ResultOfLastTestHIV_Positive;AllowedToHaveVisits;PrevIncarceration;AnyOfTheseActivities;WrittenUpOrFoundGuiltyOfBreakingAnyRules
0;32;0;1;1;1;0;0;0;0;0;1;20;1;0;0;0;0;0;1;0;0;1;1;1;0;1;0;1;1;0;0;0;18;1;0;1;0;0;0;0;0;0;0;0;0;1;0;0;1;0;0;13;1;1;1;0;0;1;1;0;0;0;0;0;0;0;0;0;0;0;0;0;0;0;0;0;0;0;6;1;1;1;1;0;0;0;1;0;0;0;1;1;1;0;0;0;0;1;0;0;0;0;1;0;0;0;1;1;1;0;1;1;1;0;0;1;0;0;1;0;0;1;1;0;0;1;0.6;1;1
0;48;0;1;1;1;0;0;0;0;0;1;14;1;0;0;0;0;1;1;0;1;0;0;0;0;0;0;0;0;0;0;0;28;0;0;0;1;0;0;0;0;0;0;0;1;0;0;0;1;0;0;17;1;0;1;0;0;1;1;0;0;0;0;0;0;0;0;0;0;0;0;1;0;0;0;0;0;0;12;1;1;1;1;1;1;0;1;1;0;0;1;0;1;0;0;0;0;0;0;0;0;0;0;1;0;0;1;1;1;0;0.37;1;1;0;0;1;0;0;0;1;0;1;1;0;0;1;1;0.69;1
0;33;0;1;1;1;0;0;0;0;0;1;20;1;0;0;0;0;1;1;0;0;1;1;0;1;1;0;1;1;0;0;0;29;0;1;0;0;0;0;0;0;0;0;0;0;0;0;0;0;0;0;24.86;1;0;1;0;0;1;1;0;1;0;0;0;1;0;0;0;0;1;0.37;0;0;0;0;0;0;0;20;0;1;1;1;1;1;0;1;0;0;0;1;0;0;0;0;0;0;0;1;1;0;0;0;0;1;0;1;1;0;0;0.37;0.18;0;1;0;0;1;0;0;1;0;0;1;0;0;1;0.64;1;0
0;32;0;0;1;1;0;0;0;0;0;1;16;1;0;0;0;0;0;1;0;0;1;0;0;0;0;0;0;0;0;0;0;13.76;0.71;0.98;0.57;0;0;0;0;0;0;0;0;1;0;1;1;0;0;0;13;1;0;1;0;0;1;1;0;0;0;0;1;0;0;0;0;0;0;1;0;0;0;1;0;1;0;8;0;1;1;1;1;0;1;1;28;1;0;0;0;0;0;0;0;0;0;0;0;0;0;1;0;0;0;1;0;1;0;1;0;0;1;0;0;1;0;0;1;0;1;1;0;0;0.8;1;1;1
0;25;0;0;1;1;0;0;0;0;0;1;15;1;0;0;0;0;1;1;0;1;1;1;1;0;0;0;0;0;0;0;0;14;0;1;0;0;0;0;0;0;0;0;0;0;0;0;0;1;0;0;16;0;0;1;0;0;1;1;0;0;0;0;0;0;0;0;0;0;0;0;0;0;0;0;0;1;0;9;0;1;1;1;1;1;0;1;10;1;0;1;0;1;0;0;0;0;0;1;1;0;0;0;0;1;0;0;1;1;0;1;1;1;0;0;1;0;0;0;0;1;1;1;0;0;0.97;0.1;1;0
0;38;0;1;1;1;0;0;0;0;0;1;14;1;0;0;0;0;1;1;0;1;1;0;1;1;1;1;1;0;0;0;0;12;1;0;0;1;0;0;1;0;0;1;1;1;1;0;1;1;0;0;12;1;0;1;0;0;0;0;0;0;0;0;0;0;0;0;0;0;0;0;1;0;0;0;0;0;0;22;0;1;1;1;1;1;0;1;2;1;0;0;0;0;1;0;0;0;0;0;0;0;0;0;1;0;0;1;1;1;0;0.54;1;0;0;1;1;0;0;0;0;1;0.43;1;0;0;0.65;0.84;1;1
0;29;1;0;1;1;0;0;0;0;0;1;16;1;0;0;0;0;1;1;0;1;1;1;0;0;0;0;0;0;0;0;0;18;0;0;0;1;1;0;0;0;0;1;1;1;0;0;0;1;0;1;18;1;0;1;0;0;0;1;0;0;0;0;0;0;0;0;0;0;0;0;0;0;0;0;0;0;0;18;0;1;1;1;1;0;1;1;0;0;0;1;0;0;0;0;0;0;0;0;0;0;0;0;0;1;0;1;1;1;0;0.3;1;1;0;0;1;0;0;0;1;0;1;1;0;0;1;0;1;1
0;30;0;1;1;0;1;0;0;0;1;1;18.96;0;1;0;0;0;1;1;0;1;1;0;1;1;0;0;1;0;0;0;0;22;1;1;1;0;0;0;0;0;0;0;0;0;0;0;1;1;0;0;19;0;0;1;0;0;1;1;0;0;0;0;0;0;0;0;0;0;0;0;0;0;0;0;0;0;0;6;0;1;1;1;1;0;0;1;2;1;0;0;0;0;0;0;0;0;0;0;0;0;0;1;0;0;0;0;1;1;1;0.66;1;1;0;0;1;0;0;0;1;0;1;1;0;0;1;0;1;1
0;46;0;0;1;1;0;0;0;0;0;1;16;1;0;0;0;0;0;1;0;0;1;1;1;0;1;0;1;0;0;0;0;15;1;1;1;1;0;0;0;0;0;0;1;1;0;0;0;1;0;0;27;1;0;1;0;0;1;1;0;0;0;0;0;0;0;0;0;0;0;0;0;0;0;0;0;0;0;8;1;1;1;1;1;0;0;1;1;0;0;1;0;0;0;0;0;0;1;0;0;0;0;0;1;0;0;1;1;1;0;0;0;0;1;0;0;1;0;0;1;0;1;1;0;0;1;0.77;0;0
0;47;0;1;1;1;0;0;0;0;0;1;14;1;0;0;0;0;0;1;0.28;1;1;1;1;1;1;1;0;1;0;0;1;12.73;0.99;0.98;0.69;1;1;0;1;1;1;1;1;1;0;0;0;1;0;1;12;1;1;1;0;0;1;1;0;0;0;0;0;0;0;0;0;0;0;0;0;0;0;0;0;1;1;6;1;1;1;1;0;0;0;1;0;0;0;0;0;0;0;0;0;0;0;0;0;0;0;0;1;0;0;1;0;1;0;1;0;0;1;0;0;1;0;0;1;0;0;1;0;0;1;0.76;1;0
0;21;0;1;1;1;0;0;0;0;0;1;14;0;0;1;0;0;0;1;0;1;1;0;0;0;0;0;1;0;0;0;0;10;1;1;1;0;0;0;0;0;0;0;1;0;1;1;0;1;0;0;14;1;0;1;0;0;1;1;0;0;0;0;0;0;0;0;0;0;0;1;0;1;1;0;0;1;1;23;0;1;0;1;1;0;1;1;0;0;0;0;0;1;1;1;0;0;0;0;0;0;0;0;1;0;0;1;1;1;0;0;1;1;0;0;1;0;0;0;1;0;0;1;0;0;1;0;1;1
0;28;0;0;1;1;0;0;0;0;0;1;15;0;1;0;0;0;0;1;0;1;1;1;1;1;1;1;1;0;0;1;1;8;1;0;0;1;1;1;1;0.74;1;1;1;1;1;1;1;1;1;1;13;1;1;1;0;0;0;1;0;1;0;0;1;1;0;0;1;0;1;0.41;0;0;0;0;0;0;1;12;0;1;1;1;1;1;1;1;1;1;0;1;0;1;1;0;1;0;0;1;1;0;0;1;0;0;0;1;1;1;0;0.58;1;0;1;0;0;0;1;0;1;0;1;1;0;0;0.9;0.65;1;0
0;37;0;0;1;0;0;1;0;0;0;1;20;1;0;0;0;0;1;1;0;0;1;1;1;0;0;0;0;0;0;0;0;14;1;1;1;1;1;0;0;0;0;1;1;1;0;0;0;1;0;0;20;1;0;1;0;0;0;1;0;0;0;0;0;0;0;0;0;0;0;0;0;0;1;0;0;0;0;18;0;1;1;1;1;0;1;1;8;1;0;1;0;1;0;0;0;1;0;0;1;0;0;1;0;0;0;1;1;1;0;1;1;0;1;0;0;1;0;0;0;1;0;1;0;0;0.84;0.62;1;0
0;22;0;0;1;1;0;0;0;0;0;1;14;1;0;0;0;0;0;1;0;1;1;1;1;1;1;1;1;0;0;0;0;14;1;1;1;0;0;0;0;0;0;0;0;1;0;0;1;1;0;0;14;1;0;1;0;0;1;1;0;0;0;0;0;0;0;0;0;0;0;0;0;0;0;0;0;0;0;22;1;1;1;1;1;1;0;1;3;1;0;0;0;0;0;0;0;0;0;0;0;0;0;1;0;0;0;1;1;1;0;1;0;0;1;0;0;1;0;0;1;0;1;1;0;0;0.98;0;1;1
0;34;0;1;1;1;0;0;0;0;0;1;22;1;0;0;0;0;1;0;0;0;1;1;1;1;1;1;1;1;0;0;0;18;0;0;0;0;0;0;0;0;0;0;0;0;0;0;0;1;0;0;16;0;0;1;0;0;1;0;0;0;0;0;0;0;0;0;0;0;0;0;0;0;0;0;0;0;0;9;1;1;1;1;1;0;0;1;0;1;0;0;0;0;0;0;0;0;0;0;0;0;0;0;0;1;0;1;1;1;0;0.46;1;0;0;1;0;1;0;0;0;1;1;1;0;0;0.97;1;1;0
0;35;1;0;0;1;0;0;0;0;0;1;23.2;1;0;0;0;0;0;1;0;0;0;0;0;0;0;0;0;0;0;0;0;18;0;0;1;0;0;0;0;0;0;0;0;0;0;0;0;1;0;0;23;1;0;0;1;0;1;1;0;0;0;0;0;0;0;0;0;0;0;0;0;0;0;0;0;0;0;7;1;1;1;1;1;0;1;1;3;1;0;1;0;0;0;0;0;0;0;0;0;0;0;0;1;0;0;0;1;1;0;0;1;1;0;0;1;0;0;0;1;0;1;1;0;0;0.93;0;0.26;0
0;32;0;0;1;1;0;0;0;0;0;1;23;1;0;0;0;0;1;1;0;0;1;1;1;0;1;1;0;0;0;0;0;18;1;1;1;1;1;0;0;0;0;0;0;1;0;0;0;1;0;0;13;1;0;1;0;0;1;1;0;0;0;0;0;0;0;0;0;0;0;0;0;0;1;0;0;0;0;10;1;1;1;1;1;0;1;1;2;0;0;0;0;0;0;0;0;0;0;0;0;0;0;0;0;1;0;1;1;1;0;0;0;0;1;0;0;1;0;0;1;0;0;1;0;0;1;0.62;0;0
0;32;1;0;0;1;0;0;0;0;0;1;21;1;0;0;0;0;0;1;0;0;1;0;0;0;1;0;1;0;0;0;0;17;0;1;0;1;0;0;0;0;0;0;0;1;0;0;0;1;0;0;23;1;0;1;0;0;0;1;0;0;0;0;0;0;0;0;0;0;0;0;0;0;0;0;0;0;0;14;1;1;1;1;1;1;1;1;3;0;0;0;0;0;0;0;0;0;0;0;0;0;0;0;0;1;0;1;1;1;0;0;1;1;0;0;1;0;0;0;1;0;1;1;0;0;1;1;0;0
0;21;1;0;1;1;0;0;0;0;0;1;16;1;0;0;0;0;0;1;0;1;1;0;0;0;0;0;0;0;0;0;0;15;0;0;0;1;0;0;0;0;0;0;0;0;1;1;0;1;0;0;15;1;0;1;0;0;1;1;0;0;0;0;0;0;0;0;0;0;0;0;0;0;1;0;0;1;1;8;1;1;1;1;1;1;1;1;24;1;0;1;0;1;0;0;0;0;0;0;1;0;0;0;1;0;0;1;1;1;0;0;0;0;1;0;0;1;0;0;1;0;1;1;0;0;0.91;0.57;1;0
0;30;0;0;1;1;0;0;0;0;0;1;14;1;0;0;0;0;1;1;0;0;1;1;1;0;0;0;0;0;0;0;0;14;1;1;0;0;0;0;0;0;0;0;0;0;0;0;1;1;0;0;13;1;0;1;0;0;0;1;0;0;0;0;0;0;0;0;0;0;0;0;0;0;0;0;0;1;0;13;1;1;1;1;1;1;1;1;2;1;0;0;1;0;1;0;0;0;1;0;0;0;0;1;0;0;0;1;1;1;0;0.82;0;0;1;0;0;1;0;0;1;0;0;1;0;0;0.94;0;1;0
0;50;0;0;1;0;0;0;1;0;1;1;21.1;0;1;0;0;0;1;1;0;0;1;0;1;0;0;0;0;0;0;0;0;17;0;1;0;0;0;0;0;0;0;0;0;0;0;0;0;1;0;0;16;1;0;1;0;0;1;1;0;0;0;0;0;0;0;0;0;0;0;0;0;0;0;0;0;0;0;23;1;1;0;1;1;1;1;1;2;1;0;1;1;1;1;0;0;0;0;0;1;0;0;1;0;0;0;0;1;1;1;0.72;1;1;0;0;0;0;1;0;0;1;0.92;1;0;0;0.95;0;1;0
0;42;0;1;1;1;0;0;0;0;0;1;18;1;0;0;0;0;1;0;0;0;1;0;1;0;1;0;0;1;0;0;0;15.43;0.99;1;0.54;1;0;0;0;0;0;0;1;1;0;0;0;1;0;0;15;0;0;1;0;0;1;1;0;0;0;0;0;0;0;0;0;0;0;0;0;0;0;0;0;0;0;8;0;1;1;1;1;0;1;1;1;0;0;0;0;0;0;0;0;0;0;0;0;0;0;0;1;0;0;0;0;1;0;1;1;0;1;0;0;0;1;0;1;0;1;1;0;0;1;0.73;1;0
0;35;0;1;1;1;0;0;0;0;0;1;14;1;0;0;0;0;0;1;1;0;1;1;1;1;1;1;1;1;0;0;1;14;1;1;1;0;0;0;0;0;0;0;1;1;0;0;0;1;0;1;16;1;0;1;0;0;1;1;0;0;0;0;1;0;0;0;1;0;0;0;0;0;0;0;0;1;0;12;1;1;1;1;1;1;1;1;0;0;0;1;1;0;1;0;1;1;0;1;1;0;0;0;0;0;1;1;1;1;0;0;1;1;0;0;1;0;0;0;1;0;1;1;0;0;1;1;1;0
0;42;0;0;1;0;0;0;1;0;0;1;22.06;0;0;0;1;0;1;1;0;0;0;0;0;0;0;0;0;0;0;0;0;17;0;1;0;0;0;0;0;0;0;0;0;0;0;0;0;0;0;0;27.03;0;0;1;0;0;0;1;0;0;0;0;0;0;0;0;1;0;0;0;0;0;0;0;0;0;0;20;1;1;1;1;1;0;0;1;1;0;0;0;0;0;0;0;1;0;0;0;0;0;0;1;0;0;0;0;1;0;0;0.22;1;0;1;0;0;0;1;0;1;0;0.7;1;0;0;1;0;0.41;0
0;39;0;0;1;1;0;0;0;0;0;1;15;1;0;0;0;0;1;0;0;0;1;0;1;0;1;0;1;0;0;0;0;17.62;0.41;0.96;0.22;1;0;0;0;0;0;0;1;0;0;0;0;0;0;0;20;0;0;1;0;0;1;1;0;0;0;0;0;0;0;0;0;0;0;0;0;0;0;0;0;0;0;22;0;1;1;1;0;1;1;1;1;0;0;0;0;0;1;0;0;0;0;0;0;0;0;0;0;1;0;1;0;1;0;0.3;0;0;1;0;0;1;0;0;1;0;0;1;0;0;1;1;1;0
0;20;0;0;1;1;0;0;0;0;0;1;15.31;1;0;0;0;0;1;1;0;0;1;1;1;1;1;0;1;1;0;1;0;16.39;0.56;0.91;0.35;0;0;0;0;0;0;0;0;0;0;0;0;1;0;0;16;1;0;1;0;0;1;1;1;1;1;0;0;0;0;0;1;0;0;0;0;0;0;0;0;0;1;22;1;1;1;1;1;1;1;1;0;1;0;0;0;0;0;0;0;0;0;0;1;0;0;0;1;0;0;0;0;1;0;0.47;0;0;1;0;0;1;0;0;1;0;1;1;0;0;0.92;0;0;1
0;44;0;0;1;0;0;1;0;0;0;1;15;0;1;0;0;0;0;1;0;0;1;1;1;1;1;1;1;0;0;0;1;12;0;1;1;0;0;0;0;0;0;0;0;0;0;0;0;0;0;0;19.08;0;0;1;0;0;0;1;1;0;0;0;0;0;0;0;1;0;1;0.23;0;0;0;0;0;0;0;8;0;1;1;1;1;1;0;1;12;1;0;1;1;1;0;0;0;0;0;0;0;0;0;1;0;0;0;1;1;0;0;0.64;1;0;0;1;0;1;0;1;0;0;1;1;0;0;0.87;1;1;1
0;44;0;0;1;1;0;0;0;0;0;1;25;1;0;0;0;0;1;1;0;1;1;1;1;0;0;0;0;0;0;0;0;17;1;1;1;0;1;0;0;1;1;0;0;1;0;0;0;1;0;0;14;1;0;1;0;0;0;1;0;0;0;0;0;0;0;0;0;0;0;0;0;0;0;0;0;0;0;7;1;1;1;1;0;0;0;1;6;0;0;1;0;0;0;0;0;0;0;0;0;0;0;0;0;1;0;0;1;1;0;0.49;1;0;1;0;0;0;1;0;1;0;0.82;1;0;0;1;1;1;0
0;28;0;0;1;1;0;0;0;0;0;1;12;1;0;0;0;0;1;1;0;1;1;1;1;1;1;1;1;1;0;0;0;15;1;1;1;0;0;0;0;0;0;0;0;0;0;0;0;1;0;0;14;0;0;1;0;0;0;1;0;0;0;0;0;0;0;0;0;0;0;0;0;0;1;1;0;1;1;8;1;1;1;0;0.58;1;0;1;1;0;0;0;0;0;1;0;0;0;0;0;0;0;0;1;0;0;0;1;1;1;0;0;0;0;1;0;0;1;0;0;1;0;1;1;0;0;1;0;1;1
0;20;0;1;1;1;0;0;0;0;0;1;15;1;0;0;0;0;1;0;0;1;1;0;0;1;0;0;0;0;0;0;0;16.19;0.86;0.97;0.64;0;0;0;0;0;0;0;0;0;0;0;0;1;0;0;17;0;0;1;0;0;0;0;0;0;0;0;0;0;0;0;0;0;0;0;0;0;0;0;0;0;0;8;1;1;1;1;1;0;0;1;1;0;0;0;0;0;0;0;0;0;0;0;0;0;0;0;0;0;1;1;0;1;0;0.16;0;0;1;0;0;1;0;0;1;0;0.83;1;0;0;1;0.72;1;0
0;21;1;0;1;1;0;0;0;0;0;1;14;1;0;0;0;0;0;0;1;1;1;0;0;0;0;0;0;0;0;0;0;15.88;0.42;0.78;0.37;0;0;0;0;0;0;0;0;0;0;0;0;0;0;0;16.24;0.37;0;1;0;0;0;1;0;0;0;0;0;0;0;0;0;0;0;0;0;0;0;0;0;0;0;22;0;1;1;1;0;1;0;1;0;1;0;0;0;0;0;0;0;0;0;0;0;0;0;1;0;0;0;1;0;0;0;0;1;1;0;0;0;1;0;0;0;1;1;0;1;0;0.94;1;0;1
0;35;0;0;0;1;0;0;0;0;0;1;15;1;0;0;0;0;0;1;0;1;1;1;1;1;1;1;1;0;0;0;0;15;1;1;1;0;0;0;1;0;0;0;1;1;0;0;1;1;0;0;15;1;0;1;0;0;1;1;0;0;0;0;0;0;0;0;0;0;0;0;0;0;0;0;0;0;0;22;0;1;1;1;1;1;1;1;3;1;0;1;1;0;0;1;0;0;0;0;0;0;0;1;0;0;0;1;1;1;0;1;1;0;0;1;1;0;0;0;0;1;0;1;0;0;0.98;1;1;0
0;39;0;1;1;1;0;0;0;0;0;1;20;1;0;0;0;0;1;1;0;0;1;1;0;1;1;1;1;0;0;0;0;18;1;1;0;0;0;0;0;0;0;0;0;1;1;1;0;1;0;0;18;1;0;1;0;0;1;1;0;0;0;0;0;0;0;0;0;0;0;0;0;0;0;0;0;0;0;6;1;1;1;1;1;0;0;1;5;0;0;0;1;0;0;0;0;1;0;0;1;0;0;0;0;1;0;1;1;1;0;0.68;1;0;0;1;1;0;0;0;1;0;1;1;0;0;1;0.8;1;0
0;20;1;0;1;1;0;0;0;0;0;1;14;1;0;0;0;0;0;1;0;1;1;1;1;1;0;1;1;0;0;0;0;9;1;1;0;0;0;0;0;0;0;0;0;0;1;0;0;1;0;0;18;1;0;1;0;0;1;1;0;0;0;0;0;0;0;0;0;0;0;0;0;0;0;0;0;0;0;12;1;1;1;1;1;1;1;1;10;0;0;1;0;0;0;0;0;0;0;0;0;0;0;0;1;0;0;1;1;1;0;1;1;0;0;1;0;1;0;0;0;1;1;1;0;0;1;1;1;0
0;24;0;0;1;1;0;0;0;0;0;1;15;1;0;0;0;0;0;0;0;1;1;0;0;0;0;0;0;0;0;0;0;14;1;1;0;0;0;0;0;0;0;0;0;0;0;0;0;1;0;0;13;1;0;1;0;0;1;1;0;0;0;0;0;0;0;0;0;0;0;0;0;0;1;0;0;1;0;20;0;1;1;1;1;1;0;1;2;0;0;1;0;0;0;0;0;0;0;0;0;0;0;0;0;1;0;1;1;1;0;1;0;0;1;0;0;1;0;0;1;0;1;1;0;0;1;0.58;1;1
0;27;1;0;0;0;1;0;0;0;0;1;13;1;0;0;0;0;1;1;0;0;1;1;1;1;1;1;1;1;0;0;0;13;1;1;0;0;1;0;0;0;0;1;0;0;1;1;1;1;0;0;13;1;0;1;0;0;0;1;0;1;0;0;0;0;0;0;1;0;1;0.2;0;0;0;0;0;1;0;15;1;1;1;1;1;1;0;1;0;1;0;0;0;0;0;0;0;0;0;1;0;0;0;1;0;0;0;1;1;1;0;0;1;0;1;0;0;1;0;1;0;0;1;1;0;0;0.86;1;1;0
0;25;1;0;0;1;0;0;0;0;0;1;15;1;0;0;0;0;0;1;0;0;0;0;0;0;0;0;0;1;0;0;0;19;0;1;0;1;0;0;0;0;0;0;0;1;0;1;0;1;0;0;17;0;0;1;0;0;0;1;0;0;0;0;0;0;0;0;0;0;0;0;0;0;0;0;0;0;0;21;1;1;1;1;1;1;0;1;3;1;0;0;0;0;0;0;0;0;0;0;0;0;0;0;1;0;0;1;1;1;0;0;1;0;1;0;1;0;0;0;1;0;0.86;1;0;0;0.95;1;0;0
0;48;0;0;1;1;0;0;0;0;0;1;18.55;1;0;0;0;0;1;1;0;0;1;1;1;0;0;1;1;0;0;1;0;14;1;1;0;0;1;0;1;0;0;0;1;1;0;0;1;1;0;0;15;1;0;1;0;0;1;1;0;0;0;0;0;0;0;0;0;0;0;0;0;1;0;0;0;0;0;5;1;1;1;1;1;1;1;1;0;1;0;1;1;0;1;0;0;0;0;0;0;0;0;1;0;0;0;0;1;1;0;0.92;0;0;1;0;0;1;0;0;1;0;0.99;1;0;0;0.98;0;1;0
0;27;0;1;0;0;0;0;1;0;0;1;15;1;0;0;0;0;1;1;0;1;1;1;1;0;0;0;0;0;0;0;0;16;1;1;0;0;0;0;0;0;0;0;0;0;0;0;1;1;0;0;9;1;0;1;0;0;1;1;0;0;0;0;0;0;0;0;0;0;0;0;0;0;0;0;0;1;0;10;1;1;1;1;1;0;1;1;3;1;0;1;1;1;0;0;0;0;0;1;1;1;0;1;0;0;0;1;1;1;0;0.79;1;0;0;1;1;0;0;1;0;0;1;1;0;0;0.99;0;1;1
0;33;1;0;0;1;0;0;0;0;0;1;18;1;0;0;0;0;1;1;0;0;1;1;1;1;1;1;1;1;0;0;0;14;0;0;0;0;0;0;0;0;0;0;0;0;0;0;0;1;0;0;14;1;1;1;0;0;0;1;0;0;0;0;1;0;0;0;1;0;0;0;0;0;0;0;0;0;0;6;1;1;1;1;1;0;1;1;0;0;0;1;1;1;1;1;1;0;1;0;0;0;0;1;0;0;0;1;1;1;0;1;0.95;0;1;0;0;0;1;0;1;0;1;1;0;0;1;1;1;1
0;25;1;0;0;1;0;0;0;0;0;1;16;1;0;0;0;0;0;1;1;0;1;0;0;0;0;0;0;0;0;1;0;14.74;0.54;0.95;0.28;0;0;0;0;0;0;0;0;0;0;1;0;1;0;0;13;0;0;1;0;0;0;1;0;0;0;0;0;0;0;0;0;0;0;0;0;0;0;0;0;0;0;24;1;1;1;1;0;0;0;1;1;0;0;0;0;0;0;0;0;0;0;0;0;0;0;0;1;0;0;1;0;1;0;1;1;0;1;0;0;0;1;0;1;0;1;1;0;0;1;1;1;1
0;40;1;0;1;0;0;0;1;0;0;1;18;1;0;0;0;0;0;1;0;1;1;1;0;1;1;1;0;0;0;0;0;15;1;0;0;1;0;0;0;0;0;0;0;1;0;0;0;1;0;0;15;1;0;1;0;0;0;0;0;0;0;0;0;1;0;0;0;0;0;0;0;0;0;0;0;0;0;12;1;1;1;1;1;1;1;1;0;0;0;0;0;0;0;0;0;0;0;0;0;0;0;0;0;1;0;1;1;1;0;0;1;0;1;0;0;1;0;0;1;0;0.81;1;0;0;1;1;1;1
0;27;1;0;1;1;0;0;0;0;0;1;10;0;1;0;0;0;0;0;0;1;1;1;1;1;0;0;1;1;0;0;0;11;0;0;0;0;0;0;0;0;0;0;0;0;1;0;0;1;0;0;11;1;0;1;0;0;1;1;0;0;0;0;0;0;0;0;0;0;0;0;0;0;0;0;0;1;0;6;1;1;0;1;1;1;1;1;11;1;0;0;0;0;0;0;0;0;0;0;0;0;0;0;1;0;0;1;1;1;0;0.26;0.02;0;1;0;0;1;0;0;1;0;1;1;0;0;0.81;0;1;0
0;23;1;0.25;1;1;0;0;0;0;0;1;15;1;0;0;0;0;0;1;1;1;1;1;1;1;0;1;1;1;0;0;0;17;0;1;1;1;0;0;0;0;0;0;0;1;1;1;0;1;0;0;20;0;0;1;0;0;1;1;0;0;0;0;0;0;0;0;0;0;0;0;0;0;0;0;0;0;0;6;1;1;1;1;0;1;1;1;0;0;0;0;0;0;0;0;0;0;0;0;0;0;0;0;1;0;0;1;1;1;0;0;0;0;1;0;0;1;0;0;1;0;1;1;0;0;1;1;1;0
0;23;0;0;0;1;0;0;0;0;0;1;18.18;1;0;0;0;0;1;1;0;0;0;0;1;0;0;0;0;0;0;0;0;18;0;0;0;0;0;0;0;0;0;0;0;0;0;0;0;0;0;0;18.42;0;0;0;1;0;1;1;0;0;0;0;0;0;0;0;0;0;0;1;0;0;0;0;0;0;0;8;0;1;1;0;0.64;1;0;1;0;0;0;1;0;0;0;0;0;0;0;0;0;0;0;1;0;0;0;0;1;0;0;0.37;0;0;1;0;0;1;0;0;1;0;0;1;0;0;1;0;1;1
0;23;0;1;1;1;0;0;0;0;0;1;13;1;0;0;0;0;0;1;0;1;1;0;0;1;1;0;0;0;0;0;0;16;1;1;0;0;0;0;0;0;0;0;0;0;0;0;0;1;0;0;12;1;0;1;0;0;0;1;0;0;0;0;0;0;0;0;0;0;0;0;0;0;0;0;0;0;0;23;0;1;1;1;1;1;0;1;12;1;0;0;0;0;0;0;0;0;0;0;0;0;0;0;1;0;0;1;1;1;0;0;1;0;0;1;0;1;0;0;0;1;0;1;0;0;0.73;0;0;1
0;25;0;1;1;1;0;0;0;0;0;1;15;0;1;0;0;0;0;1;0;1;0;0;0;0;0;0;0;0;0;0;0;21;0;0;0;0;0;0;0;0;0;0;0;0;0;0;0;1;0;0;20;0;0;1;0;0;0;0;0;0;0;0;0;0;0;0;0;0;0;0;0;0;0;0;0;0;0;12;1;1;1;1;1;1;1;1;0;1;0;1;0;0;1;1;0;0;0;0;0;0;0;0;1;0;0;1;1;1;0;0.2;1;0;1;0;1;0;0;0;1;0;0.04;1;0;0;0.59;1;0.44;1
0;33;0;1;1;0;0;1;0;0;0;1;16;1;0;0;0;0;1;1;0;0;1;1;0;1;0;0;0;0;0;0;0;15;1;1;1;0;0;0;1;0;0;0;1;1;0;0;0;1;0;0;16;1;0;1;0;0;0;0;0;0;0;0;0;0;0;0;0;0;0;0;0;0;0;0;0;0;0;18;0;1;1;1;1;1;0;1;1;0;0;1;0;0;0;0;0;0;0;0;0;0;0;0;1;0;0;1;1;1;0;1;1;0;0;1;0;1;0;0;1;0;0.91;1;0;0;1;0;1;0
0;24;1;0;0;1;0;0;0;0;0;1;22;1;0;0;0;0;1;0;0;1;0;0;0;0;0;0;0;0;0;0;1;17;0;1;0;0;0;0;0;0;0;0;1;1;0;0;0;1;0;0;19;0;0;1;0;0;1;1;0;0;0;0;0;0;0;0;0;0;1;0.15;0;0;0;0;0;0;0;22;1;1;1;1;1;0;1;1;0;0;0;0;0;0;0;0;0;0;0;0;0;0;0;1;0;0;0;0;1;1;0;0.23;1;0;1;0;0;0;1;0;1;0;0;1;0;0;1;0;0.53;1
0;23;0;1;1;1;0;0;0;0;0;1;16;1;0;0;0;0;1;1;0;0;1;1;1;0;0;1;1;0;0;1;0;16.15;0.45;0.95;0.29;0;0;0;0;0;0;0;0;0;0;0;0;0;0;0;17.63;0.25;0;1;0;0;1;1;0;0;0;0;0;0;0;0;0;0;0;0;0;0;0;0;0;1;0;7;1;1;1;1;0;1;0;1;1;0;0;1;0;1;0;0;0;1;0;0;0;0;0;0;1;0;0;1;0;0;0;0.18;0;0;1;0;0;1;0;0;1;0;0;1;0;0;1;0;0;1
0;21;0;1;1;1;0;0;0;0;0;1;17;1;0;0;0;0;0;0;0;1;1;0;0;0;0;0;1;1;0;0;0;17.64;0.49;0.92;0.3;0;0;0;0;0;0;0;0;0;1;0;0;1;0;0;17;1;0;1;0;0;1;1;0;0;0;0;0;0;0;0;0;0;0;0;0;0;1;1;0;1;0;9;1;1;1;1;0;1;1;1;1;0;1;0;0;0;0;0;0;0;0;0;1;0;0;0;1;0;0;1;0;1;0;0;0;0;1;0;0;1;0;0;1;0;0;1;0;0;1;0.62;1;1
0;23;1;0;1;1;0;0;0;0;0;1;17;1;0;0;0;0;0;0;0;0;1;1;1;0;0;0;1;0;0;0;0;17;0;0;0;0;0;0;0;0;0;0;0;1;0;1;0;1;0;0;15;1;1;1;0;0;0;1;0;0;0;0;0;0;0;0;0;0;0;0;0;0;0;0;0;0;0;6;1;1;1;1;0;1;0;0;2.84;0;0;1;0;0;0;0;0;0;0;0;0;0;0;0;1;0;0;1;1;1;0;0;1;0;0;1;0;0;1;0;0;1;1;1;0;0;1;0;1;0
0;28;0;0;0;0;0;1;0;0;0;0;20.52;0;0;0;1;0;0;0;0;0;0;0;0;0;0;0;0;0;0;0;0;18.48;0.19;0.52;0.04;0;0;0;0;0;0;0;0;0;0;0;0;0;0;0;22.32;0.08;0;1;0;0;1;1;0;0;0;0;0;0;0;0;0;0;0;0;0;0;0;0;0;0;0;22;1;0;0.75;1;1;1;1;1;0;0;0;0;0;0;1;0;0;0;0;0;0;0;0;0;0;1;0;0;0;0;0;0.15;0;0;1;0;0;1;0;0;1;0;0;1;0;0;1;0;0.46;0
0;47;0;1;1;0;0;0;1;0;1;1;27;1;0;0;0;0;1;1;0;1;1;0;1;1;1;1;1;1;0;0;0;18;1;1;1;1;0;0;0;0;0;0;1;1;0;0;0;1;0;0;8;1;0;1;0;0;1;1;0;0;0;0;0;0;0;0;0;0;0;0;0;0;0;0;0;0;1;20;1;1;1;1;1;1;1;1;2;0;0;1;1;0;1;0;0;0;0;0;1;0;0;1;0;0;0;1;1;1;1;0.62;1;0;1;0;1;0;0;0;0;1;1;1;0;0;1;0;0;0
0;47;0;0;0;0;0;0;1;0;0;1;45;0;1;0;0;0;0;1;0;0;0;0;0;0;0;0;0;0;0;0;0;18;1;1;1;0;0;0;0;0;0;0;0;0;0;0;0;0;0;0;32.47;1;1;1;0;0;1;1;0;0;0;0;0;0;0;0;0;0;0;0;0;0;0;0;0;0;0;8;1;0;0.73;1;1;0;1;1;0;0;0;0;1;0;0;0;0;0;0;0;0;0;0;0;1;0;0;1;1;0;0;0.24;1;0;1;0;0;0;1;0;1;0;0;1;0;0;1;1;0.39;1
0;34;0;1;0;0;0;1;0;0;0;0;15;1;0;0;0;0;0;1;0;1;1;0;0;0;0;0;0;0;0;0;0;25;0;0.47;0.02;0;0;0;0;0;0;0;0;0;0;0;0;1;0;0;25;0;0;0;1;0;0;1;0;0;0;0;0;0;0;0;0;0;0;0;0;0;0.17;0.18;0.13;0.38;0.4;24;0;0;0.65;0;0.7;0;1;0;1.68;1;0;0;0;0;0;0;0;0;0;0;0;0;0;0;1;0;0;1;1;1;0;0;1;0;1;0;0;0;1;0;1;0;0.64;1;0;0;0.57;0;1;1
0;38;0;1;1;1;0;0;0;0;0;1;19;1;0;0;0;0;1;1;0;1;1;0;1;0;1;0;1;0;0;0;0;17.13;0.88;0.92;0.63;0;0;0;0;0;0;0;0;1;0;0;0;1;0;0;18;1;0;1;0;0;0;1;0;0;0;0;0;0;0;0;0;0;0;0;1;0;1;0;0;1;1;15;0;0;0.54;0;0.67;1;1;1;1;0;0;0;0;0;0;0;0;0;0;0;0;0;0;0;1;0;0;1;0;1;0;0.02;1;1;0;0;0;0;1;0;1;0;1;0;0;1;1;0;1;0
0;61;0;0;1;0;0;0;1;0;0;1;25;1;0;0;0;0;1;0;0;0;0;0;0;1;1;0;0;0;0;0;0;18;0;0;0;1;0;1;1;0;0;0;0;1;0;0;1;1;0;0;22;1;0;1;0;0;1;1;0;0;0;0;0;0;0;0;1;0;0;0;0;0;0;0;0;0;0;5;1;1;1;1;1;1;1;1;0;1;0;1;0;0;1;0;0;0;0;0;0;0;0;0;0;1;0;1;1;1;0;0.45;1;1;0;0;1;0;0;0;0;1;0;1;0;0;0.76;1;1;0
0;29;0;1;1;1;0;0;0;0;0;1;19;1;0;0;0;0;1;1;0;0;1;0;0;1;1;1;1;0;0;0;0;14;0;1;0;0;0;0;0;0;0;0;0;0;0;0;0;1;0;0;14;1;0;1;0;0;1;1;0;0;0;0;0;0;0;0;0;0;0;0;0;0;0;0;0;0;0;6;1;1;0;1;1;1;1;1;0;0;0;0;1;0;0;0;0;0;1;0;1;0;0;0;0;1;0;1;1;1;0;1;0;0;1;0;0;1;0;0;1;0;1;1;0;0;1;1;1;1
0;41;0;1;1;1;0;0;0;0;0;1;16;1;0;0;0;0;1;1;0;1;1;0;0;0;0;0;1;0;0;0;0;16;1;1;0;1;0;0;0;0;0;0;1;1;1;0;1;1;0;0;13;0;0;1;0;0;1;1;0;0;0;0;0;0;0;0;0;0;0;1;0;0;0;0;0;0;0;12;0;1;1;1;1;0;1;1;0;0;0;0;0;0;1;0;0;0;0;0;0;0;0;0;0;0;1;1;1;1;0;0.78;0;0;1;0;0;1;0;0;1;0;1;1;0;0;1;1;1;1
0;22;0;0;1;1;0;0;0;0;0;1;14;1;0;0;0;0;0;0;0;0.42;1;1;1;1;1;1;1;0;0;0;0;12.55;0;0;0;0;0;0;0;0;0;0;1;1;1;0;0;1;0;0;8;1;0;1;0;0;1;1;0;1;0;0;0;0;0;0;1;0;0;1;0;0;0;0;0;0;0;23;1;0;0.66;1;1;1;0;1;1;0;0;0;0;0;0;0;0;0;0;0;0;0;0;1;0;0;0;1;1;1;0;0;0;0;1;0;0;1;0;0;1;0;0;1;0;0;1;1;1;0
0;39;1;0;0;1;0;0;0;0;0;1;14;0;0;1;0;0;1;1;0;1;0;0;0;0;0;0;0;0;0;0;0;15;1;1;1;1;0;0;0;0;0;0;1;1;0;0;0;1;0;1;15;0;1;1;0;0;1;1;0;1;1;0;0;0;1;0;1;0;0;0;0;0;0;0;0;1;1;21;1;0;0.73;1;1;0;1;1;0;0;0;1;0;0;0;0;0;0;0;0;0;0;0;0;1;0;0;1;1;1;0;0;1;0;1;0;0;0;1;0;1;0;1;1;0;0;1;1;0.77;0
0;41;0;0;1;1;0;0;0;0;0;1;19.82;1;0;0;0;0;1;1;0;0;0;0;0;0;0;0;0;0;0;0;0;17;1;1;1;0;0;0;0;0;0;0;0;0;0;0;0;0;0;0;25;1;0;1;0;0;1;1;0;0;0;0;0;1;0;0;1;0;0;0;0;0;0;0;0;0;0;12;0;1;1;1;1;1;0;1;5;1;0;0;0;0;0;0;0;1;0;0;1;0;0;1;0;0;0;0;1;0;0;0;0;0;1;0;0;1;0;0;1;0;1;1;0;0;0.99;0;0.47;0
0;41;0;0;1;1;0;0;0;0;0;0;16;0;0;1;0;0;1;0;0;1;1;0;1;0;0;1;0;0;0;1;0;12;1;0.96;0.6;0;0;0;0;0;0;0;1;1;0;0;0;1;0;0;12;1;1;0;1;0;0;0;0;0;0;0;0;0;0;0;0;0;0;0;0;1;1;0;0;1;1;6;0;0;0.64;0;0.69;0;1;1;2;0;0;0;0;0;0;0;0;0;0;0;0;0;0;0;1;0;0;1;1;1;0;0;0;0;1;0;0;1;0;0;1;0;0.81;1;0;0;1;0.61;1;0
0;38;1;0;1;0;0;0;1;0;0;1;31;0;0;1;0;0;1;1;0;0;1;0;0;0;0;0;1;0;0;0;0;16.5;0.74;0.93;0.58;0;0;0;0;0;0;0;1;0;0;0;0;0;0;0;15;0;0;1;0;0;1;0;1;1;0;0;0;0;0;0;0;0;1;0.3;0;0;0.16;0;0;0;1;23;0;1;1;1;0;0;0;1;0;0;0;0;0;0;0;0;0;0;0;0;0;0;0;0;1;0;0;1;0;1;0;0;0;0;1;0;0;1;0;0;1;0;0.87;1;0;0;1;0;1;0
0;71;0;0;1;0;0;0;1;0;1;1;30;1;0;0;0;0;0;0;0;0;0;0;0;0;0;0;0;0;0;0;1;17;1;0;0;0;0;0;0;0;0;0;0;0;0;0;0;0;0;0;29.04;1;1;1;0;0;1;1;0;0;0;0;0;0;0;0;0;0;0;0;0;1;0;0;1;0;1;22;0;1;1;1;1;1;0;1;0;1;0;0;0;0;0;0;0;0;0;0;0;0;0;1;0;0;0;1;1;0;1;1;1;0;1;0;1;0;0;0;1;0;1;1;0;0;0.99;0;0.57;0
0;40;0;1;1;1;0;0;0;0;0;1;15;1;0;0;0;0;1;1;0;0;1;1;1;1;0.94;1;1;0;0;0;0;13;1;1;0;0;0;0;0;0;0;0;1;1;0;0;0;1;0;0;13;0;0;1;0;0;1;0;0;0;0;0;0;0;0;0;0;0;0;0;0;0;0;0;0;0;0;8;1;0;0.89;1;1;1;1;1;0;1;0;1;0;1;1;0;0;0;0;0;0;0;0;1;0;0;0;0;1;1;0;0;1;0;1;0;1;0;0;0;1;0;0.98;1;0;0;0.97;0.53;1;0
0;40;0;0;1;1;0;0;0;0;0;1;16;1;0;0;0;0;1;1;0;1;1;1;1;1;1;1;1;0;0;0;0;12;1;1;0;1;1;0;1;1;1;1;1;1;0;0;1;1;0;0;14;1;1;1;0;0;1;1;0;1;0;0;0;0;0;0;0;0;0;0;0;0;0;0;0;0;0;7;0;1;1;1;1;0;0;1;2;0;0;0;0;0;0;0;0;0;0;0;1;0;0;1;0;0;0;1;1;1;0;0.89;1;1;0;0;0;1;0;0;1;0;1;1;0;0;1;0.82;1;1
0;38;0;0;1;0;0;0;1;0;0;0;31;1;0;0;0;0;1;1;0;1;1;1;1;0;0;0;0;0;0;0;0;16;1;1;1;0;1;1;1;0;1;1;1;1;1;0;1;1;0;0;18;1;0;1;0;0;0;0;0;0;0;0;0;0;0;0;0;0;0;1;0;0;0;0;0;0;0;22;1;0;0.69;1;1;1;1;1;0;0;0;0;0;0;0;0;0;0;0;0;0;0;0;0;0;0;1;1;1;1;0;0.5;0;0;1;0;0;1;0;0;1;0;0.64;1;0;0;1;0;0;0
0;33;0;1;1;1;0;0;0;0;0;1;16;1;0;0;0;0;1;1;0;1;1;1;1;1;1;1;1;1;0;0;1;14;1;1;0;0;0;0;0;0;0;0;0;0;0;1;0;1;0;0;6;1;0;1;0;0;1;1;0;1;0;0;0;0;0;0;1;0;0;0;0;0;0;0;0;0;0;0;0;1;1;1;1;1;1;1;0;1;0;0;0;0;1;0;0;1;0;1;1;0;0;0;1;0;0;1;1;1;0;0.63;1;1;0;0;0;0;1;0;0;1;0;1;0;0;0.7;1;1;0
0;30;1;0;1;1;0;0;0;0;0;1;20.15;0;0;1;0;0;0;1;0;0;1;0;0;0;0;0;0;0;0;0;0;19.62;0.41;0.85;0.23;1;0;0;0;0;0;0;0;0;0;0;0;1;0;0;27;0;1;1;0;0;1;1;0;0;0;0;0;0;0;0;0;0;0;0;0;0;0;0;0;0;0;22;1;0;0.76;1;1;1;1;1;3;1;0;0;0;0;1;0;0;0;0;0;0;0;0;0;1;0;0;0;0;1;0;0;1;1;0;0;0;1;0;0;0;1;0;1;0;0;0.92;0;1;0
0;50;1;0.02;0;0;0;0;1;0;0;1;33;1;0;0;0;0;0;1;0;0;0;0;0;0;0;0;0;0;0;0;0;23.62;0.48;0.77;0.42;0;0;0;0;0;0;0;0;0;0;0;0;0;0;0;34.87;0.22;0;1;0;0;1;0;0;1;0;0;0;0;0;0;0;0;0;0;0;0;0;0;0;0;0;5;1;1;1;1;0;0;1;0;7.1;0;0;1;0;0;0;0;0;0;0;0;0;0;0;0;0;1;0;0;0;0;0;0;1;0;0;1;0;1;0;1;0;0;0.87;1;0;0;0;0;0.44;0
0;28;0;1;1;1;0;0;0;0;0;1;16;1;0;0;0;0;0;1;0;1;1;1;1;1;1;1;1;0;0;0;0;15;1;1;0.53;0;0;0;0;0;0;0;0;0;0;1;1;1;0;0;15;0;0;1;0;0;1;1;0;0;0;0;0;1;0;0;0;0;0;0;0;0;0;0;0;1;0;13;0;1;1;1;1;1;0;1;1;0;0;1;0;1;1;0;0;0;0;1;1;0;0;0;0;1;0;1;1;1;0;0;1;1;0;0;0;0;1;0;0;1;1;1;0;0;1;0.71;1;1
0;32;0;0;1;0;0;0;1;0;0;1;18.1;1;0;0;0;0;1;1;1;0;1;1;1;0;0;0;1;0;0;1;0;15;1;1;1;0;1;0;1;0;1;1;1;1;0;0;1;1;0;0;15;1;1;1;0;0;0;1;0;1;0;0;0;1;0;1;1;0;1;0.56;0;0;1;0;0;1;1;17;0;1;1;1;1;1;1;1;3;1;0;1;1;1;1;0;0;0;0;0;0;0;0;1;0;0;0;0;1;1;0;0.59;0;0;1;0;0;1;0;0;1;0;0;1;0;0;0.97;0;1;1
0;49;0;0;1;0;0;0;1;0;1;1;18;0;1;0;0;0;0;1;1;0.5;1;0.45;1;0;1;1;0;0;0;0;0;18;0;1;0;0;0;0;0;0;0;0;0;1;0;0;1;1;0;0;12;0;0;1;0;0;1;1;0;0;0;0;0;0;0;0;0;0;0;0;0;0;1;0;0;1;1;4;1;1;1;1;1;0;1;1;0;0;0;1;0;0;0;0;0;0;0;0;0;0;0;1;0;0;0;1;1;1;1;0.32;1;1;0;0;0;0;1;0;1;0;1;1;0;0;1;0.61;1;0
0;38;0;1;1;1;0;0;0;0;0;1;20.09;1;0;0;0;0;1;1;0.14;0.41;0.39;0;0.1;0;0.2;0.08;0;0;0;0.07;0.19;18.19;0.87;0.97;0.74;0;0.08;0.19;0;0.01;0;0;0;0;0;0;0.03;0;0.01;0.01;22.76;0.66;0.46;1;0;0;0.77;0.42;0.13;0.95;0.5;0.31;0.3;0.37;0.27;0.05;0.61;0.16;0.56;0.09;0.46;0.43;0.66;0.27;0.02;0.89;0.92;12.11;0.27;1;0.49;1;0.29;0.21;0.3;1;5.21;0.88;0.04;0.63;0.08;0.3;0.08;0;0.01;0.02;0;0.06;0.08;0.04;0.01;0;1;0;0;1;0.23;0;0;0.24;0.07;0;1;0;0;1;0;0;1;0;0.93;1;0;0;0.74;0.58;0.22;0
0;37;0;1;0;0;0;0;1;0;0;1;22.49;1;0;0;0;0;1;1;0;0;0;0;0;0;0;0;0;0;0;0;0;20.92;0.44;0.99;0.35;0;0;0;0;0;0;0;0;0;0;0;0;0;0;0;25.03;0.03;1;1;0;0;1;1;0;0;0;0;0;0;0;0;0;0;0;0;0;0;0;0;0;0;0;13;1;1;1;1;1;0;1;1;6;1;0;1;0;0;0;0;0;0;0;0;0;0;0;1;0;0;0;0;0;0;0;1;1;1;0;0;0;1;0;0;0;1;1;1;0;0;0.92;0;0.24;0
0;25;0;1;1;1;0;0;0;0;0;1;10;1;0;0;0;0;0;0;0;1;1;0;0;0;0;0;1;0;0;0;0;5;0;1;0;0;0;0;0;0;0;0;0;0;1;1;1;1;0;0;14;1;0;1;0;0;0;0;0;0;0;0;0;0;0;0;1;0;0;1;0;0;0;0;0;1;0;22;1;1;1;1;1;1;0;1;0;0;0;0;1;0;0;0;0;0;0;0;0;0;0;0;1;0;0;1;1;1;0;0;0;0;1;0;0;1;0;0;1;0;0.72;1;0;0;1;0;1;0
0;27;0;1;1;1;0;0;0;0;0;1;16;1;0;0;0;0;0;0.44;0.03;1;1;0;1;0;0;0;1;0;0;0;0;15;1;1;0;0;0;0;0;0;0;0;0;1;1;0;0;1;0;0;13;0;0;1;0;0;1;1;0;0;0;0;0;0;0;0;0;0;0;0;0;0;0;0;0;1;0;7;0;1;1;1;1;1;1;1;0;1;0;0;1;0;1;0;0;0;0;0;0;0;0;1;0;0;0;1;1;1;0;1;0;0;1;0;0;1;0;0;1;0;0;1;0;0;1;1;1;1
0;24;0;0;1;1;0;0;0;0;0;1;13;1;0;0;0;0;1;1;0;0;1;1;1;1;1;1;1;0;0;0;0;12;1;1;0;1;1;0;1;1;1;1;1;1;0;1;1;1;0;1;12;1;0;1;0;0;1;1;0;0;0;0;0;0;0;0;0;0;0;0;0;0;0;0;0;0;0;7;1;1;1;1;1;0;0;1;0;0;0;1;0;0;0;0;0;0;0;0;0;0;0;0;0;0;1;1;1;1;0;1;0;0;1;0;0;1;0;0;1;0;1;1;0;0;1;0.89;1;1
0;27;0;1;1;1;0;0;0;0;0;1;9;1;0;0;0;0;1;0;0;1;0;0;0;0;0;0;1;0;0;0;0;16;0;1;1;0;0;0;0;0;0;0;0;0;0;0;0;1;0;0;16;0;0;1;0;0;1;1;0;0;0;0;0;0;0;0;1;0;0;0;0;0;0;0;0;0;0;18;1;1;1;1;1;0;0;1;0;0;0;1;0;0;1;0;0;0;0;0;0;0;0;1;0;0;0;1;1;1;0;0.27;0;0;1;0;0;1;0;0;1;0;1;1;0;0;1;0.61;1;1
0;80;0;0;1;0;0;1;0;0;1;1;33.91;1;0;0;0;0;1;0;0;0;0;0;0;0;0;0;0;0;0;0;0;19;1;1;1;0;0;0;0;0;0;0;0;0;0;0;0;0;0;0;32.47;0;1;1;0;0;1;1;0;0;0;0;0;0;0;0;0;0;0;0;0;1;0;0;0;0;0;7;0;1;0;1;0;0;1;1;0;1;0;0;0;0;0;0;0;0;0;0;0;0;0;1;0;0;0;0;1;0;1;0;1;0;1;0;0;1;0;0;0;1;1;1;0;0;1;0;0.42;0
0;34;0;1;1;1;0;0;0;0;0;1;19;1;0;0;0;0;1;1;0;1;1;0;0;0;0;0;1;0;0;0;0;14;1;1;0;0;0;0;0;0;0;0;0;0;1;1;0;1;0;0;14;0;0;1;0;0;0;1;0;0;0;0;0;0;0;0;0;0;0;0;1;0;0;0;0;0;0;6;0;1;1;0;0.72;0;1;0;3.04;0;0;0;0;0;0;0;0;0;0;0;0;0;0;0;1;0;0;1;1;1;0;0.35;0;0;1;0;0;1;0;0;1;0;0.87;1;0;0;0;1;1;1
0;48;0;0;1;1;0;0;0;0;0;1;16;0;1;0;0;0;0;0;0;0;1;1;1;1;1;1;1;1;0;0;0;18;1;1;0;1;1;0;1;1;1;1;1;1;0;0;1;1;0;0;13;1;0;0;1;0;1;1;1;0;0;0;0;1;0;0;0;0;1;0.19;1;0;0;0;0;0;0;20;1;1;1;1;1;0;1;1;0;0;0;1;0;0;0;0;0;0;0;0;1;0;0;1;0;0;0;1;1;1;0;0.87;0;0;1;0;0;1;0;0;1;0;1;1;0;0;1;1;1;1
0;40;0;0;1;1;0;0;0;0;0;1;16;0;0;1;0;0;1;1;0;1;1;0;1;0;0;1;0;0;0;0;0;15;1;1;1;1;0;0;0;0;0;0;1;1;0;0;0;1;0;0;15;1;0;1;0;0;1;1;0;0;0;0;0;0;0;0;0;0;0;0;0;0;1;1;0;1;0;22;0;1;1;1;0;1;1;1;2;0;0;1;0;0;0;0;0;0;0;0;0;0;0;1;0;0;0;1;1;1;0;0;0;0;1;0;0;1;0;0;1;0;1;1;0;0;1;0;1;1
0;37;0;1;1;0;0;0;1;0;0;1;16;1;0;0;0;0;1;1;0;1;1;0;1;0;1;1;1;1;0;0;1;13;0;0;0;1;1;0;0;0;0;1;0;1;0;0;0;1;0;0;15;1;0;1;0;0;1;1;0;0;0;0;0;0;0;0;0;0;0;0;1;0;0;0;0;0;0;7;1;1;0;1;1;0;0;1;1;0;0;1;0;0;0;0;0;0;0;0;0;0;0;0;1;0;0;1;1;1;0;0;0;0;1;0;0;1;0;0;1;0;1;1;0;0;1;0;1;0
0;30;0;1;0;0;0;0;1;0;0;0;13;1;0;0;0;0;1;0.42;0.28;0;1;0;0;1;1;1;1;0;0;0;0;13;1;0.82;0.43;0;0;0;0;0;0;0;0;1;0;0;0;1;0;0;17;0;0;1;0;0;0;0;0;0;0;0;0;0;0;0;0;0;0;0;1;0;0;1;0;0;0;16;0;0;0.67;1;1;0;0;1;0;0;0;0;0;0;0;0;0;0;0;0;0;0;0;0;1;0;0;1;1;1;0;0.38;1;0;1;0;0;0;1;1;0;0;0.55;1;0;0;1;1;0;0
0;21;0;1;1;1;0;0;0;0;0;1;14;1;0;0;0;0;1;1;1;0;1;0;1;1;1;0;1;0.29;0.09;0.51;0.64;13.45;0.78;0.86;0.36;0.19;0.02;0.1;0.04;0;0.07;0.21;0.52;0.55;0.16;0.51;0.31;0.95;0.06;0.16;13.01;0.69;0.29;1;0;0;0.71;0.28;0.23;0.73;0.41;0.07;0.37;0;0.45;0.17;0.5;0.25;0.65;0.22;0.33;0.09;0.18;0.1;0.09;0.32;0.19;16.69;0.52;0.63;0.34;0.08;0.76;0.24;0.46;0.12;1.93;0.79;0.18;0.38;0.12;0.21;0.26;0.03;0.52;0.32;0.09;0.13;0.56;0.4;0.01;0;1;0;0;1;1;1;0;0.73;0;0;1;0;0;1;0;0;1;0;0.83;1;0;0;0.29;1;0.9;0
0;31;1;0;1;1;0;0;0;0;0;1;17;1;0;0;0;0;1;0;0;1;1;1;0;0;0;0;1;1;0;0;0;17;0;0.91;0.32;0;0;0;0;0;0;0;0;0;0;1;0;1;0;0;12;1;0;0;1;0;1;0;0;0;0;0;0;0;0;0;0;0;0;0;0;0;1;0;1;0;1;10;0;1;1;1;1;1;1;1;1;1;0;1;1;0;0;0;0;0;0;0;0;0;0;0;1;0;0;1;1;1;0;0.58;0;0;1;0;0;1;0;0;1;0;0.26;1;0;0;0.72;1;1;0
0;53;1;0;0;0;0;1;0;0;0;0;41.09;0;0;1;0;0;0;1;0;0;0;0;0;0;0;0;0;0;0;0;0;27.9;0.47;0.75;0.33;0;0;0;0;0;0;0;0;0;0;0;0;0;0;0;38.41;0.17;1;1;0;0;1;1;0;0;0;0;0;0;0;0;0;0;0;0;0;0;0;0;0;0;0;5;1;0;0.6;0;0.7;0;1;1;1;1;0;0;0;0;0;0;0;0;0;0;0;0;0;0;1;0;0;0;0;0;0;0;0.73;1;0;0;1;0;0;0;1;0;1;1;0;0;0.65;0;0.48;0
0;25;1;0;1;1;0;0;0;0;0;1;16.97;1;0;0;0;0;1;0;0;0;1;1;1;0;0;0;0;0;0;0;0;17.27;0.47;0.95;0.28;1;0;0;0;0;0;0;0;1;0;0;0;1;0;0;18;0;1;1;0;0;1;1;0;1;0;0;0;0;0;0;1;0;1;0.29;0;0;0;0;0;0.18;1;22;1;1;1;1;1;1;1;1;1;1;0;0;1;0;0;0;1;0;1;0;1;0;0;0;1;0;0;0;0;1;0;0;0;0;1;0;0;1;0;0;1;0;1;1;0;0;0.97;0;1;0
0;35;1;0.15;0;1;0;0;0;0;0;1;20.83;0;0;0;1;0;1;1;0;1;1;0;0;0;0;0;0;0;0;0;0;16.8;0.66;0.99;0.41;1;0;0;0;0;0;0;1;1;0;0;0;0;0;0;19;0;0;1;0;0;1;1;0;0;0;0;0;0;0;0;0;0;0;0;0;0;0;0;0;0;0;7;1;1;1;1;1;0;0;1;1;1;0;1;0;0;0;0;0;0;0;0;0;0;0;1;0;0;0;0;0;1;0;0.11;1;1;0;0;1;0;0;0;1;0;1;1;0;0;0.97;0;1;0
0;51;0;1;1;1;0;0;0;0;0;1;10;1;0;0;0;0;1;0;0;1;0;0;1;0;1;0;1;1;0;0;0;14.25;0.92;0.99;0.56;0;0;1;0;0;0;1;1;1;0;0;0;1;0;1;15;0;0;1;0;0;1;1;0;0;0;0;0;0;0;0;0;0;0;0;1;0;0;0;0;0;0;6;0;1;1;1;0;1;0;1;2;0;0;1;0;0;0;0;0;0;0;0;0;0;0;0;0;1;0;1;0;1;0;0;1;0;1;0;0;0;1;0;1;0;1;1;0;0;1;0.71;1;1
0;22;1;0;0;1;0;0;0;0;0;1;16;1;0;0;0;0;1;1;1;0;1;1;1;1;1;1;1;0;0;0;0;19;0;1;0;0;0;0;0;0;0;0;0;0;0;0;0;1;0;0;14;1;0;1;0;0;1;0;0;0;0;0;0;0;0;0;0;0;0;0;0;0;0;0;0;0;0;22;1;1;1;1;1;0;0;0;5.68;1;0;0;0;0;0;0;0;1;0;0;0;0;0;0;0;1;0;1;1;1;0;0.56;1;0;0;1;0;1;0;1;0;0;0.96;1;0;0;0.54;1;1;1
0;38;1;0.11;0;0;0;1;0;0;0;0;32.81;0;1;0;0;0;0;1;0;0;0;0;0;0;0;0;0;0;0;0;0;21.55;0.54;0.89;0.43;0;0;0;0;0;0;0;0;0;0;0;0;0;0;0;29.5;0.24;1;1;0;0;1;1;0;0;0;0;0;0;0;0;0;0;0;0;0;0;0;0;0;0;0;6;1;0;0.5;1;1;0;1;1;0;0;0;0;0;0;0;0;0;0;0;0;0;0;0;0;1;0;0;0;0;0;0;0.03;1;0;1;0;0;0;1;0;1;0;1;1;0;0;1;0;0.42;0
0;40;1;0;0;0;1;0;0;0;0;1;37;1;0;0;0;0;1;1;0;1;1;0;0;0;0;0;0;0;0;0;0;13;0;1;0;1;1;0;0;0;0;1;1;1;0;1;0;1;0;0;14;0;0;0;1;0;1;1;0;0;0;0;0;0;0;0;0;0;0;0;0;0;0;0;0;0;0;6;1;1;1;1;1;1;1;0;0.96;0;0;1;0;1;0;0;0;0;0;0;0;0;0;0;0;1;0;0;1;1;0;0.37;0.21;0;1;0;0;1;0;0;1;0;1;1;0;0;1;0;1;0
0;22;0;1;1;1;0;0;0;0;0;1;18;1;0;0;0;0;0;0;0;0;1;1;1;1;1;0;0;0;0;0;0;18;0;0;0;0;0;0;0;0;0;0;0;0;0;1;0;1;0;0;17;1;0;1;0;0;0;0;0;0;0;0;0;0;0;0;0;0;0;0;0;0;1;0;0;1;0;12;1;1;1;1;1;1;1;1;1;0;0;0;0;0;0;0;0;0;0;0;0;0;0;0;1;0;0;1;1;1;0;0;0;0;1;0;0;1;0;0;1;0;0.88;1;0;0;1;0;1;1
0;21;0;1;1;1;0;0;0;0;0;1;17;1;0;0;0;0;1;1;0;0;1;1;1;1;1;1;1;1;0;0;0;16;0;1;0;0;0;0;0;0;0;0;0;0;1;1;0;1;0;0;16;1;0;1;0;0;1;1;1;0;0;0;0;0;0;0;0;0;0;0;0;0;0;0;0;0;0;20;0;1;1;1;1;1;0;1;1;0;0;0;0;1;0;0;0;0;0;0;0;0;0;0;0;0;1;1;1;1;0;0;1;0;1;0;0;1;0;0;0;1;1;1;0;0;1;1;1;0
0;41;0;0;0;1;0;0;0;0;0;0;28.11;1;0;0;0;0;1;1;0;0;1;0;0;0;0;0;0;0;0;0;0;17;1;0;0;1;0;0;0;0;0;0;0;0;0;0;0;0;0;0;38;1;0;1;0;0;1;1;0;0;0;0;0;0;0;0;0;0;0;0;0;0;0;0;0;0;0;14;0;0;0.63;1;1;0;1;1;1;0;0;0;0;0;1;0;0;0;0;0;0;0;0;0;0;1;0;0;1;1;0;0.34;0;0;1;0;0;1;0;0;1;0;1;1;0;0;1;0;1;0
0;20;0;0;0;0;0;0;1;0;0;1;19;1;0;0;0;0;1;0.57;0.16;0.32;0.97;0.52;0.63;0.56;0.59;0.37;0.29;0.15;0.05;0.55;0.58;15.72;0.39;0.59;0.11;0;0;0;0;0;0.03;0;0;0;0.01;0.01;0;0;0.01;0.01;17.04;0.35;0.42;1;0;0;0.64;0.38;0.36;0.8;0.46;0.32;0.39;0.15;0.48;0.31;0.53;0.42;0.7;0.24;0.36;0.23;0.54;0.24;0.08;0.48;0.64;13.31;0.41;0.68;0.59;0.11;0.51;0.22;0.64;0.13;2.58;0.72;0.11;0.54;0.31;0.44;0.38;0.09;0.49;0.13;0.12;0.24;0.51;0.43;0.03;0;0;1;0;0.94;0.18;0;0;0.29;0.22;0;1;0;0;1;0;0;1;0;0.76;1;0;0;0.55;0.63;0.4;0
0;46;1;1;0;1;0;0;0;0;0;1;39;1;0;0;0;0;1;1;0;1;0;0;0;0;0;0;0;0;0;0;0;8;1;1;1;0;0;0;0;0;0;0;0;0;0;0;0;0;0;0;31.33;1;1;1;0;0;1;1;0;0;0;0;0;0;0;0;0;0;0;0;0;0;0;0;0;0;0;14;0;1;1;1;1;0;1;1;0;0;0;1;0;0;0;0;0;0;0;0;0;0;0;0;1;0;0;1;1;0;0;0.23;1;0;1;0;1;0;0;0;1;0;1;1;0;0;1;0;0.47;0
0;48;1;1;0;1;0;0;0;0;0;0;41;1;0;0;0;0;1;1;0;0;0;0;0;0;0;0;0;0;0;0;0;20;0;0.75;0.23;0;0;0;0;0;0;0;0;0;0;0;0;0;0;0;36.43;0;1;1;0;0;1;0;0;0;0;0;0;0;0;0;0;0;0;0;0;0;0;0;0;0;0;12;1;1;0;1;1;1;1;1;1;0;0;0;0;0;0;0;0;0;0;0;0;0;0;0;1;0;0;0;1;0;0;0;1;0;1;0;1;0;0;0;1;0;0.59;1;0;0;1;0;0.34;0
0;20;0;1;1;1;0;0;0;0;0;1;13;1;0;0;0;0;0;1;0;1;1;0;0;0;0;0;1;0;0;0;0;13.67;0.74;0.93;0.43;0;0;0;0;0;0;0;0;0;0;0;0;1;0;0;11;1;0;1;0;0;1;0;1;0;0;0;0;0;0;0;0;0;0;0;0;0;0;0;0;0;0;14;1;1;1;1;0;1;0;1;0;1;0;1;0;0;1;0;0;0;0;0;0;0;0;1;0;0;0;0;0;1;0;1;0;0;1;0;0;1;0;0;1;0;0.12;1;0;0;0.8;0;0;1
0;28;0;1;1;1;0;0;0;0;0;1;14;1;0;0;0;0;1;0;1;1;1;1;0;1;0;0;1;0;0;0;0;15;1;0;0;0;0;0;0;0;0;0;0;1;0;0;0;1;0;0;14;1;0;1;0;0;0;1;0;0;0;0;0;0;0;0;0;0;0;0;1;0;0;0;0;0;0;7;1;1;1;1;1;0;1;1;1;0;0;1;0;0;1;0;0;0;0;0;0;0;0;0;1;0;0;1;1;1;0;0.34;1;1;0;0;0;0;1;0;1;0;1;1;0;0;1;1;1;1
0;34;0;1;1;0;1;0;0;0;0;1;14;1;0;0;0;0;1;1;1;1;0;1;1;0;0;1;0;0;0;0;1;16.06;0.89;0.98;0.46;1;0;0;0;0;0;0;0;1;0;0;0;1;0;0;17;1;1;1;0;0;0;0;0;0;0;0;0;0;0;0;0;0;0;0;0;0;0;0;0;1;1;22;0;1;1;1;1;0;1;1;0;0;0;0;0;0;1;0;0;0;0;0;0;0;0;0;1;0;0;1;0;1;0;1;1;0;1;0;1;0;0;0;1;0;0.74;1;0;0;1;1;1;1
0;33;1;0;0;0;0;0;0;1;0;0;19.18;1;0;0;0;0;1;1;0;0;0.84;0.21;0.39;0.52;0.52;0.19;0.26;0.04;0;0.07;0.18;14.88;0.6;0.81;0.42;0;0;0;0;0;0;0;0;0;0;0;0;1;0;0;15;0;0;0;1;0;1;0;0;0.75;0.31;0.14;0.18;0.01;0.41;0.26;0.35;0.33;0;0;0;0;0.34;0;0;0.46;0.54;8;1;0;0.67;1;0;0;1;1;2;0;0;0;0;0;0;0;0;0;0;0;0;0;0;0;1;0;0;0;0;1;0;0.12;0;0;1;0;0;1;0;0;1;0;0.62;1;0;0;1;0;0;0
0;36;0;0;1;1;0;0;0;0;0;1;30;0;1;0;0;0;1;1;0;0;0;0;0;0;0;0;0;0;0;0;0;21;1;0;0;1;0;0;0;0;0;0;0;0;0;0;0;0;0;0;30;1;0;1;0;0;1;1;0;0;0;0;0;0;0;0;0;0;0;0;0;0;0;0;0;0;0;7;0;1;0;1;1;0;1;1;0;0;0;1;1;0;1;0;1;0;0;0;0;0;0;0;0;1;0;0;1;1;0;0.37;0;0;1;0;0;1;0;0;1;0;1;1;0;0;1;0;0.6;0
0;47;1;0;1;0;1;0;0;0;0;1;8;0;1;0;0;0;0;1;0;0;1;0;1;1;1;0;1;0;0;0;0;12.74;0.84;0.92;0.65;1;0;0;0;0;0;0;0;0;0;0;0;1;0;0;13;1;0;0;1;0;1;1;0;0;0;0;0;0;0;0;0;0;0;0;0;0;0;0;0;0;0;11;1;1;1;1;1;1;1;1;1;1;0;1;0;0;0;0;0;0;0;0;0;0;0;1;0;0;0;0;0;1;0;0.54;1;0;0;1;1;0;0;0;0;1;1;1;0;0;0.9;1;1;0
0;22;0;1;1;1;0;0;0;0;0;1;16;1;0;0;0;0;1;1;0;1;1;0;0;0;0;0;0;0;0;0;0;13;1;1;1;0;0;0;0;0;0;0;0;0;0;0;0;1;0;0;13;1;0;1;0;0;0;1;1;1;0;0;0;0;0;0;1;0;0;1;0;0;1;0;0;1;0;8;0;0;0.65;1;1;0;0;1;0;1;0;0;0;0;0;0;0;0;0;0;0;0;0;1;0;0;0;1;1;1;0;0;0;0;1;0;0;1;0;0;1;0;1;1;0;0;1;1;1;1
0;48;0;1;1;1;0;0;0;0;0;1;12;0;0;1;0;0;1;1;0;1;1;1;1;1;1;1;1;0;0;0;0;15;1;1;0;1;0;0;1;1;1;0;1;1;0;0;0;1;0;1;12;1;0;1;0;0;0;1;0;0;0;0;0;0;0;0;0;0;0;0;0;0;0;0;0;0;0;11;0;1;1;1;1;1;0;1;0;0;0;1;0;0;0;0;0;0;0;0;0;0;0;0;1;0;0;1;1;1;0;1;0;0;1;0;0;1;0;0;1;0;1;1;0;0;1;1;1;1
0;38;0;1;1;0;0;0;1;0;0;0;16;1;0;0;0;0;1;1;0;1;1;1;1;1;1;1;1;1;0;0;0;7;1;1;0;0;0;0;0;0;0;0;1;1;0;0;0;1;0;0;12;1;0;1;0;0;0;0;0;0;0;0;0;0;0;0;0;0;0;1;0;0;0;0;0;0;0;23;1;0;0.62;0;0.91;0;1;1;0;0;0;1;0;0;1;0;0;0;0;0;0;0;0;0;1;0;0;1;1;1;0;0.49;1;0;1;0;0;0;1;0;1;0;0.83;1;0;0;1;0;1;0
0;33;0;0;0;1;0;0;0;0;0;1;26;1;0;0;0;0;0;1;0;0;0;0;0;0;0;0;0;0;0;0;1;18;1;1;1;1;0;0;1;0;0;1;1;1;0;0;1;1;0;1;22;1;0;0;1;0;1;0;0;1;0.4;0;0;0;0;0;1;0;1;0.3;0;0;0;0;0;0;0;7;1;0;0.66;0;0.72;0;0;0;1.7;0;0;0;1;0;1;0;0;0;0;0;0;0;0;1;0;0;0;0;1;1;0;0;0;0;1;0;0;1;0;0;1;0;0.77;1;0;0;1;0.32;0.6;1
0;20;1;0;1;1;0;0;0;0;0;0;16;1;0;0;0;0;0;0.56;0.04;1;0;0;0;0;0;0;0;0;0;0;0;17.16;0.4;0.94;0.49;0;0;0;0;0;0;0;0;0;0;0;0;0;0;0;19.31;0.33;0;1;0;0;0;1;0;0;0;0;0;0;0;0;0;0;0;0;0;0;1;0;0;1;0;7;1;1;1;1;1;0;1;1;2;1;0;0;0;0;1;0;0;0;0;0;0;0;0;1;0;0;0;0;0;0;0;0;0;0;1;0;0;1;0;0;1;0;1;1;0;0;0.92;0;0.34;0
0;40;0;1;1;0;0;1;0;0;0;1;18;1;0;0;0;0;1;1;0;0;0;0;0;0;0;0;0;0;0;0;0;18;1;1;0;0;0;0;0;0;0;0;0;0;0;0;0;1;0;0;20;1;0;1;0;0;0;0;0;0;0;0;0;0;0;0;0;0;0;0;0;0;0;0;0;0;0;20;1;1;1;1;1;1;1;1;5;0;0;0;0;0;0;0;0;0;0;0;0;0;0;1;0;0;0;1;1;1;0;0.32;1;1;0;0;0;1;0;0;1;0;0.75;1;0;0;1;0.65;0.74;0
0;35;0;0;1;1;0;0;0;0;0;1;13;1;0;0;0;0;1;1;0;0;1;1;1;1;1;0;0;0;0;1;1;14.59;0.82;0.93;0.66;0;0;0;0;0;0;0;0;0;0.03;0.01;0;0;0.01;0.01;17.12;0.61;1;1;0;0;1;1;1;1;1;1;0;1;0;0;1;1;1;0.31;1;0;0.18;0.16;0.06;0;1;20;1;1;1;1;1;0;1;1;1;0;0;0;0.4;0.73;0.57;0.14;0.2;0.02;0.05;0.04;0.36;0.38;0.04;1;0;0;0;1;0;0;0;0;0;0;1;0;0;1;0;0;1;0;1;1;0;0;1;0.56;0;0
0;38;0;1;1;0;0;0;1;0;0;0;33;0;1;0;0;0;1;0;0;0;0;0;0;0;0;0;0;0;0;0;0;7;1;0.75;0.35;1;0;0;0;0;0;0;1;1;1;0;0;1;0;0;13;1;0;1;0;0;0;1;0;0;0;0;0;0;0;0;0;0;0;0;0;0;0;0;0;0;0;5;1;1;1;1;1;1;1;1;0;0;0;0;0;0;0;0;0;0;1;0;0;0;0;0;1;0;0;1;1;1;0;0.5;1;0;1;0;0;0;1;0;1;0;1;1;0;0;1;0;0.66;0
0;53;0;0;0;1;0;0;0;0;0;1;34;0;1;0;0;0;1;1;0;0;0;0;0;0;0;0;0;0;0;0;0;18;1;1;0;0;0;0;0;0;0;0;0;0;0;0;0;0;0;0;34.55;0;0;1;0;0;1;1;0;0;0;0;0;0;0;0;1;0;0;1;0;0;0;0;0;0;0;7;1;1;1;1;1;0;0;1;0;0;0;1;0;0;0;0;0;0;0;0;0;0;0;1;0;0;0;0;1;0;0;0.09;1;0;1;0;0;0;1;0;1;0;1;1;0;0;1;0;0.51;0
0;33;0;0;1;0;0;0;1;0;0;1;17;0;1;0;0;0;0;0;1;0;1;0;0;0;0;1;1;0;0;1;1;14;0;0;0;0;0;0;1;0;0;1;1;1;0;1;1;1;0;1;12;1;0;1;0;0;0;1;1;1;1;1;0;1;1;0;1;0;0;1;0;0;1;0;0;1;1;9;0;0;0.68;0;0.61;0;0;0;1.28;0;0;0;0;0;0;0;0;0;0;0;0;0;0;1;0;0;0;1;1;1;0;0.34;1;0;1;0;0;0;1;0;1;0;0.82;1;0;0;1;0;1;1
0;21;0;1;1;1;0;0;0;0;0;0;14;1;0;0;0;0;0;1;0;0;1;0;0;0;0;0;0;0;0;0;0;14;1;0.95;0.4;0;0;0;0;0;0;0;0;0;0;1;0;1;0;0;12;1;0;1;0;0;0;0;0;0;0;0;0;0;0;0;0;0;0;0;0;0;0;0;0;0;0;21;0;1;1;1;1;0;1;1;7;0;0;0;0;0;1;0;0;0;0;0;0;0;0;0;1;0;0;1;1;1;0;1;1;0;0;1;0;1;0;0;1;0;0.8;1;0;0;1;0;1;0
0;19;1;0;0;1;0;0;0;0;0;0;15.85;1;0;0;0;0;0;1;0;1;0;0;0;0;0;0;0;0;0;0;0;15;1;1;1;0;0;0;0;0;0;0;0;1;1;0;0;1;0;0;15;0;0;1;0;0;1;0;0;0;0;0;0;0;0;0;0;0;0;0;0;0;0;0;0;0;0;21;0;1;1;1;1;0;1;0;2.65;1;0;0;0;1;1;0;0;0;0;0;0;0;0;1;0;0;0;0;1;1;0;0;1;0;1;0;0;0;1;1;0;0;0.9;1;0;0;0.55;0;0.65;0
0;32;1;0;0;0;0;0;1;0;0;1;21;1;0;0;0;0;1;1;0;1;1;1;0;1;1;0;1;0;1;0;1;7;1;1;1;1;0;0;1;1;0;0;0;1;1;0;1;1;0;1;7;1;1;1;0;0;0;1;1;1;0;0;0;1;0;1;0;0;1;0.53;1;0;1;0;1;0.54;1;22;0;1;1;1;0;0;1;1;0;0;0;0;0;0;0;0;0;0;0;1;1;0;0;1;0;0;0;1;1;1;0;0.39;1;0;1;0;0;1;0;0;1;0;0.59;1;0;0;1;1;1;1
0;19;0;0;1;1;0;0;0;0;0;1;16.15;1;0;0;0;0;1;0;0;0;0;0;0;0;0;0;0;0;0;0;0;17;0.55;0.93;0.58;0;0;0;0;0;0;0;0;0;0;0;0;0;0;0;18.85;0.27;0;1;0;0;1;1;0;0;0;0;0;0;0;0;1;1;0;0;1;0;0;0;0;1;0;12;1;1;0;0;0.83;0;1;1;5;0;0;0;0;0;1;0;0;0;0;0;0;0;0;1;0;0;0;0;0;0;0;0;0;0;1;0;0;1;0;0;1;0;0;1;0;0;0;0;0.44;0
0;21;1;0;1;1;0;0;0;0;0;1;16;1;0;0;0;0;1;1;1;0;1;1;1;1;1;0;1;1;0;0;1;16;1;1;0;0;0;0;0;0;0;0;0;1;0;1;0;1;0;0;15;1;1;1;0;0;1;1;1;1;0;1;0;0;1;0;1;0;1;0.44;0;0;1;0;0;1;0;10;1;1;1;1;1;1;1;1;1;1;0;0;0;0;1;0;0;0;0;0;1;0;0;0;0;0;1;0;1;1;0;0;1;0;0;1;0;1;0;1;0;0;1;1;0;0;0.85;1;1;1
0;26;1;1;0;1;0;0;0;0;0;1;20;1;0;0;0;0;0;0;1;0;1;0;0;0;0;0;0;0;0;0;0;14;0;0;0;1;0;0;0;0;0;0;0;1;0;0;0;1;0;0;14;1;1;1;0;0;0;0;0;0;0;0;0;0;0;0;0;0;0;0;0;0;0;0;0;0;0;22;0;1;1;0;0.68;0;1;1;7;1;0;0;0;0;1;0;0;0;0;0;0;0;0;1;0;0;0;1;1;1;0;0;1;0;0;1;0;1;0;1;0;0;0.28;1;0;0;0.43;1;1;0
0;32;1;0;0;0;0;1;0;0;0;0;19.24;1;0;0;0;0;1;1;0;0;0;0;0;0;0;0;0;0;0;0;0;15;0;0.88;0.41;0;0;0;0;0;0;0;0;0;0;0;0;0;0;0;19.74;0;0;1;0;0;0;0;0;0;0;0;0;0;0;0;0;0;0;0;0;0;0;0;0;0;0;20;1;1;1;1;1;1;0;1;0;0;0;0;0;0;0;0;0;0;0;0;0;0;0;0;1;0;0;0;1;0;0;0.07;1;0;1;0;0;1;0;0;1;0;0.73;1;0;0;1;0;0.43;0
0;43;0;1;1;1;0;0;0;0;0;0;14;1;0;0;0;0;1;1;0;0;1;1;1;1;1;1;1;1;1;0;0;14;1;0.95;0.61;1;1;0;0;0;0;0;1;1;1;0;0;1;0;1;30;1;0;1;0;0;1;1;0;0;0;0;0;0;0;0;0;0;0;0;0;0;0;0;0;0;0;20;0;1;1;1;1;0;1;1;0;0;0;0;0;0;1;0;0;0;0;0;0;0;0;0;1;0;0;1;1;1;0;0.67;0;0;1;0;0;1;0;0;1;0;1;1;0;0;1;0.84;1;0
0;27;0;1;1;1;0;0;0;0;0;1;14;1;0;0;0;0;0;0;0;1;1;1;1;1;0;1;1;1;0;0;1;14;1;1;0;0;0;0;0;0;0;0;0;0;1;0;1;1;0;0;14;1;0;1;0;0;1;1;0;1;1;1;1;0;0;0;1;0;0;0;0;0;0;0;0;1;0;3;0;1;1;1;1;1;0;1;0;0;0;1;0;0;1;0;0;0;0;0;0;0;0;1;0;0;0;1;1;1;0;0;0;0;1;0;0;1;0;0;1;0;1;1;0;0;1;1;1;1
0;27;0;0;1;1;0;0;0;0;0;1;16.52;1;0;0;0;0;1;0.45;0.4;0;1;1;0;0;1;1;1;0;0;1;0;8;1;1;0;0;0;1;1;1;1;1;0;1;0;1;0;1;0;0;8;1;0;1;0;0;1;1;0;1;0;0;1;1;1;1;1;1;0;1;0;0;1;0;0;1;0.61;6;1;1;1;1;0;0;1;1;1;0;0;0;1;1;0;0;0;0;0;0;0;0;0;1;0;0;0;0;1;1;0;0;0;0;1;0;0;1;0;0;1;0;0.75;1;0;0;1;0;1;1
0;33;1;0;0;0;0;0;1;0;0;1;14;1;0;0;0;0;0;0;0.44;0;1;1;0.76;0.81;0.97;0.79;0.9;0.36;0.13;0;1;14;1;1;0;1;0;1;0;0;0;0;1;1;1;1;1;1;1;1;14;1;1;1;0;0;1;0.41;1;0;1;1;0;1;1;1;1;0.23;0;0;0;0;0.39;0;0;0;1;19.46;0;0;0.58;0;0.64;0;0;0;1.32;0;0;0;0;0;0;0;0;0;0;0;0;0;0;0;1;0;0;1;1;1;0;0;1;0;1;0;0;0;1;0;1;0;0.65;1;0;0;1;0.56;1;0
0;31;0;1;1;1;0;0;0;0;0;1;18;1;0;0;0;0;0;1;0;0;0;0;0;0;0;0;0;0;0;0;0;14.87;0.91;0.94;0.6;0;0;0;0;0;0;0;0;0;0;0;0;1;0;0;14;1;0;1;0;0;0;0;0;0;0;0;0;0;0;0;0;0;0;0;0;0;0;0;0;1;0;6;0;1;0;1;0;1;0;1;0;1;0;0;1;0;1;0;0;0;0;0;0;0;0;0;1;0;0;1;0;1;0;0;1;0;1;0;0;0;1;0;1;0;0.97;1;0;0;0.87;1;0.77;0
0;18;0;0;1;1;0;0;0;0;0;1;16;1;0;0;0;0;0;0;0;1;1;0;0;0;0;0;0.65;0.06;0;0;0;16.63;0.45;0.52;0.23;0;0;0;0.02;0;0;0;0;0.09;0;0.01;0.04;0;0.02;0.02;17.91;0.56;0.54;1;0;0;0.51;0.31;0.2;0.74;0.39;0.23;0.26;0.06;0.39;0.19;0.51;0.3;0.71;0.32;0.46;0.37;0.68;0.19;0.08;0.63;0.71;13.67;0.46;0.69;0.61;0.11;0.29;0.16;0.68;0.97;7.55;0.93;0.21;0.47;0.14;0.45;0.22;0.01;0.47;0.01;0.1;0.1;0.35;0.48;0.09;0;1;0;0;1;0.3;0;0;0;1;0;0;1;0;1;0;0;0;1;0.78;1;0;0;0.75;0;1;0
0;30;0;1;1;1;0;0;0;0;0;0;13;1;0;0;0;0;0;0;0;1;0.78;0;0;1;0;0;0;0;0;0;0;13;0;0.93;0.6;0;0;0;0;0;0;0;0;0;0;0;0;1;0;0;14;1;0;1;0;0;1;1;0;1;0;0;0;0;0;0;0;0;0;1;1;0;0;0;0;0;0;23;0;1;1;1;1;0;1;1;1;1;0;1;0;0;1;0;0;0;0;0;0;0;0;1;0;0;0;1;1;1;0;0;1;0;1;0;1;0;0;0;0;1;0;1;0;0;0.93;1;1;1
0;26;0;1;1;1;0;0;0;0;0;0;16;1;0;0;0;0;1;0;0;0;1;0;0;0;0;0;1;0;0;0;0;17;1;0.94;0.23;0;0;0;0;0;0;0;0;0;1;1;0;1;1;0;16;1;0;1;0;0;0;1;0;0;0;0;0;0;0;0;0;0;0;0;0;0;0;0;0;0;0;21;1;1;1;1;1;1;1;1;2;1;0;0;0;0;0;0;0;0;0;0;0;0;0;0;1;0;0;1;1;1;0;0.5;1;1;0;0;0;1;0;0;0;1;1;1;0;0;0.86;1;1;0
0;35;0;1;1;1;0;0;0;0;0;1;17;1;0;0;0;0;0;1;0;0;0;0;0;0;0;1;1;0;0;0;0;18;1;1;0;0;0;0;0;0;0;0;0;0;0;0;0;1;0;0;17;1;1;1;0;0;1;1;0;0;0;0;0;0;0;0;1;0;1;0.14;0;0;0;0;0;0;0.08;6;0;1;1;1;1;1;1;1;0;0;0;1;0;1;0;0;0;1;1;0;0;0;0;1;0;0;0;1;1;1;0;0;1;0;1;0;1;0;0;0;1;0;1;1;0;0;1;0;1;0
0;26;0;1;0;1;0;0;0;0;0;1;17.18;1;0;0;0;0;1;1;0;0;0;0;0;0;0;0;0;0;0;0;0;13;1;1;0;0;0;0;0;0;0;0;0;0;0;0;0;1;0;0;17;0;0;1;0;0;1;1;0;0;0;0;0;0;0;0;0;0;0;0;0;0;0;0;0;0;0;5;1;1;1;1;1;1;1;1;0;1;0;0;0;0;0;0;0;0;0;0;0;0;0;1;0;0;0;0;1;1;0;0.38;0;0;1;0;0;1;0;0;1;0;1;1;0;0;0.99;0;0.59;0
0;59;0;1;1;0;0;1;0;0;1;1;17;1;0;0;0;0;1;1;0;0;0;1;0;0;0;0;0;0;0;0;0;7;1;1;0;0;0;0;0;0;0;0;0;1;0;0;0;0;0;0;39;1;1;1;0;0;0;0;0;0;0;0;0;0;0;0;0;0;0;0;0;0;0;0;0;0;0;10;0;1;1;1;0;1;1;1;1;0;0;0;0;0;0;0;0;0;0;0;0;0;0;0;1;0;0;1;1;1;1;0.44;1;0;1;0;1;0;0;0;1;0;0.64;1;0;0;1;1;1;0
0;20;0;0;1;1;0;0;0;0;0;1;16.01;1;0;0;0;0;1;1;0;0;1;0;1;1;1;0;1;1;0;0;0;13;1;1;1;0;1;1;0;1;0;1;0;1;1;1;1;1;0;1;12;1;0;1;0;0;0;1;0;1;0;0;0;0;0;0;0;0;0;0;0;0;0;0;0;1;1;15.88;0;1;1;1;0;0;0;1;1;1;0;0;0;0;0;0;0;0;0;0;0;0;1;1;0;0;0;0;1;1;0;0.61;0;0;1;0;0;1;0;0;1;0;1;1;0;0;0.94;0;1;0
0;21;0;1;1;1;0;0;0;0;0;0;15;1;0;0;0;0;1;0;0;1;0;0;0;1;0;0;0;0;0;0;1;15;0;0.8;0.25;0;0;0;0;0;0;0;0;0;0;0;0;1;0;0;15;0;0;1;0;0;0;0;0;0;0;0;0;0;0;0;0;0;0;0;0;0;0;0;0;0;0;12;0;1;1;1;1;0;1;1;1;0;0;0;0;0;0;0;0;0;0;0;0;0;0;0;1;0;0;1;1;1;0;0;1;0;1;0;0;0;1;0;1;0;0.88;1;0;0;1;0;0;0
0;51;1;0;0;0;0;0;1;0;0;1;19;1;0;0;0;0;1;1;0;0;1;0;1;0;1;0;1;0;0;0;0;13;1;0;1;1;0;0;0;0;0;0;0;1;0;0;0;1;0;0;21;1;1;1;0;0;1;1;0;1;0;0;0;0;0;0;1;1;1;0.4;0;1;0;0;0;0;0;21;1;1;1;1;1;1;1;1;1;0;0;1;0;0;1;0;0;0;0;0;0;0;0;1;0;0;0;1;1;1;0;1;1;1;0;0;1;0;0;0;0;1;1;0;0;1;1;1;0;1
0;28;0;0;0;0;0;1;0;0;0;0;23.01;1;0;0;0;0;1;1;0;0;0;0;0;0;0;0;0;0;0;0;0;21;1;1;1;0;0;0;0;0;0;0;0;1;0;0;0;1;0;1;27;1;0;1;0;0;1;1;0;0;0;0;0;0;0;0;1;0;0;0;0;1;0;1;0;0;0;12;1;1;1;1;1;0;1;1;1;1;0;0;0;0;1;1;0;0;0;0;0;0;0;0;1;0;0;0;1;1;0;0.24;0;0;1;0;0;1;0;0;1;0;0;1;0;0;0.77;0;0.48;0
0;25;0;1;1;1;0;0;0;0;0;0.99;13.84;0;0;1;0;0;0;1;0;0;1;0;1;0;0;0;0;0;0;0;0;13.27;0.68;0.87;0.5;0;0;0;0;0;0;0;0;0;0;0;0;0;0;0;14.38;0.4;0;1;0;0;0;1;1;0.69;0.52;0.4;0.22;0.09;0.49;0.46;0.73;0.31;0.82;0.33;0.54;0.36;0.57;0.13;0.07;0.6;0.76;20.34;0.33;0.14;0.6;0.07;0.59;0.17;0.29;0;0.9;0;0;0;0;0;0;0;0;0;0;0;0;0;0;0;1;0;0;0.88;0;0;0;1;0;0;1;0;0;1;0;0;1;0;0;1;0;0;1;0.66;0;0
0;26;0;0;1;1;0;0;0;0;0;0;21;1;0;0;0;0;1;1;0;1;0;0;0;0;0;0;0;0;0;0;0;19;0;0.49;0.02;0;0;0;0;0;0;0;0;0;0;0;0;0;0;0;23.52;0;0;1;0;0;1;1;0;0;0;0;0;0;0;0;0;0;0;0;0;0;0;1;0;1;0;10;1;1;1;1;0;0;1;1;3;1;0;0;0;0;1;0;0;0;0;0;0;0;0;0;1;0;0;1;1;0;0;0.08;1;0;1;0;0;0;1;0;1;0;1;1;0;0;0.88;1;0.35;0
0;21;0;0;1;1;0;0;0;0;0;1;18;1;0;0;0;0;0;1;0;0;1;0;0;0;0;0;0;0;0;0;0;12;1;1;0;0;0;0;0;0;0;1;0;0;0;1;0;1;0;0;11;1;0;1;0;0;1;0;0;0;0;0;0;0;0;0;0;0;0;0;0;0;0;0;0;1;0;7;1;1;0;1;1;0;0;1;5.64;1;0;0;0;0;0;0;0;0;0;0;0;0;0;0;0;1;0;0;1;1;0;0;1;0;0;1;0;1;0;0;1;0;0.86;1;0;0;0.89;0.21;1;0
0;29;1;0;1;1;0;0;0;0;0;1;12;0;0;1;0;0;1;0;0;1;1;0;0;0;0;0;0;0;0;0;0;15.49;0.79;0.9;0.59;0;0;0;0;0;0;0;0;0;0;0;0;1;0;0;15;0;0;1;0;0;0;0;1;0;0;0;0;0;0;0;0;0;0;0;0;0;0;0;0;1;1;12;1;1;1;1;1;0;1;1;1;0;0;0;0;1;0;0;0;0;1;0;0;0;0;1;0;0;0;1;0;1;0;0;1;1;0;0;1;0;0;0;0;1;0.77;1;0;0;1;1;1;0
0;44;0;0;1;0;0;0;1;0;0;1;17.83;1;0;0;0;0;0;1;0;0.3;0.97;0.47;0.61;0.68;0.87;0.64;0.34;0.18;0;0;0;17.67;0.68;1;0.32;0;0;0;0.01;0;0;0;0;0;0.04;0;0.01;0;0;0;22.01;0.08;0;0;1;0;1;1;0;0;0;0;0;0;0;0;0;0;0;0;0;0;0;0;0;0;0;8;0.66;1;0.79;1;0.95;0.18;0;1;2.61;1;0;1;0;0;0;0;0;0;0;0;0;0;0;1;0;0;0;0.94;1;0;0;1;1;1;0;0;0;1;0;0;1;0;1;1;0;0;0.95;0.58;0.35;0
0;20;0;0;1;1;0;0;0;0;0;0;12;1;0;0;0;0;1;0;0;0;1;1;1;1;1;1;1;1;0;1;1;12;1;0.88;0.42;1;1;0;1;0;1;1;1;1;1;1;1;1;0;1;12;1;0;1;0;0;1;1;0;0;0;0;0;0;0;0;0;0;0;0;0;0;0;0;0;0;0;21;1;1;1;1;1;1;1;1;1;0;0;0;0;0;1;0;0;0;0;0;0;0;0;0;1;0;0;1;1;1;0;0.66;0;0;1;0;0;1;0;0;1;0;1;1;0;0;1;0.82;1;0
0;51;0;0;1;0;0;0;1;0;1;1;16;1;0;0;0;0;1;1;0;0;1;0;0;1;0;1;1;0;0;0;0;14;1;1;0;0;0;0;1;0;0;0;0;1;0;0;1;1;0;0;16;1;0;1;0;0;1;1;0;0;0;0;0;0;0;0;0;0;0;0;0;0;0;0;0;0;0;24;1;1;1;1;1;1;0;1;1;0;0;0;1;0;0;0;0;0;0;0;0;0;1;1;0;0;0;1;1;1;1;0.83;1;0;0;1;1;0;0;0;0;1;1;1;0;0;1;0.61;1;0
0;38;0;0;1;1;0;0;0;0;0;0;24;1;0;0;0;0;0;0;0;1;0;1;1;1;1;0;0;1;0;0;0;16;1;0.97;0.69;1;1;0;0;0;0;0;1;1;0;0;1;1;0;0;21;1;0;1;0;0;1;1;0;1;0;0;0;1;0;0;0;0;1;0.18;1;0;0;0;0;1;1;10;1;1;1;1;1;0;0;0;1.9;0;0;0;0;0;0;0;0;0;0;0;0;0;0;1;0;0;0;1;1;1;0;0;1;0;1;0;0;1;0;0;1;0;1;1;0;0;0;0.54;1;0
0;22;0;1;1;1;0;0;0;0;0;0;17;1;0;0;0;0;1;0;0;0;0;0;0;0;0;0;0;0;0;0;0;18.08;0.24;0.85;0.27;0;0;0;0;0;0;0;0;0;0;0;0;1;0;0;17;0;0;1;0;0;0;1;0;0;0;0;0;0;0;0;0;0;0;0;0;0;0;0;0;0;0;8;1;1;1;1;1;0;1;1;0;0;0;0;0;0;1;0;0;0;0;0;0;0;0;0;1;0;0;1;0;1;0;0.18;1;0;1;0;0;1;0;0;1;0;1;1;0;0;1;0;0.54;0
0;27;1;0;1;1;0;0;0;0;0;1;17;1;0;0;0;0;0;1;0;0;1;0;0;0;0;0;0;0;0;0;0;15;1;1;1;1;0;0;0;0;0;0;0;1;1;0;0;1;0;0;16;1;0;1;0;0;1;1;0;0;0;0;0;0;0;0;0;0;0;0;0;0;0;0;0;0;0;8;0;1;1;1;1;0;1;1;0;1;0;1;1;1;1;0;0;1;1;1;1;0;0;1;0;0;0;1;1;1;0;1;1;1;0;0;1;0;0;1;0;0;1;1;0;0;0.91;0;1;1
0;23;0;0;1;1;0;0;0;0;0;0;18;1;0;0;0;0;1;1;1;1;0;0;0;0;0;0;0;0;0;0;0;16;1;0;0;0;0;0;0;0;0;0;0;0;0;0;0;1;0;0;9;0;0;1;0;0;1;1;0;1;1;0;1;1;1;0;1;1;1;0.4;0;0;0;0;0;0;0;23;1;1;1;0;0.69;1;0;1;1;0;0;0;0;0;0;0;0;0;0;0;0;0;0;1;0;0;0;0;1;1;0;0.44;0;0;1;0;0;1;0;0;1;0;1;1;0;0;1;1;0.59;0
0;20;1;1;1;1;0;0;0;0;0;0;15;1;0;0;0;0;0;1;0;1;1;1;0;1;1;1;1;1;0;0;0;14;1;0.9;0.49;0;1;0;1;0;0;1;0;0;1;1;1;1;0;0;16;1;0;1;0;0;0;0;0;1;0;0;0;1;1;0;0;0;1;0.36;0;0;0;0;0;1;0;1;0;1;0;0;0.57;0;1;1;0;0;0;0;1;0;0;0;0;0;0;0;0;0;0;0;1;0;0;1;1;1;0;0;0;0;1;0;0;1;0;0;1;0;0.59;1;0;0;1;0;1;0
0;37;0;1;1;1;0;0;0;0;0;1;18.58;1;0;0;0;0;1;0.69;0.14;0.4;0.97;0.45;0.65;0.59;0.56;0.41;0.25;0.08;0.03;0.61;0.54;15.5;0.78;0.96;0.64;0;0.01;0.01;0;0.01;0;0.01;0;0;0.04;0;0.03;0;0;0.01;18.23;0.46;0.39;1;0;0;0.74;0.25;0.43;0.76;0.39;0.17;0.35;0.06;0.38;0.18;0.48;0.29;0.71;0.23;0.48;0.33;0.64;0.24;0.03;0.8;0.72;13.15;0.37;0.75;0.6;0.13;0.72;0.26;0.76;0.11;6.58;0.76;0.05;0.45;0.3;0.6;0.52;0.1;0.28;0.12;0.06;0.21;0.53;0.43;0.03;1;0;0;0;1;0.24;0;0;0.25;0.02;0;1;0;0;1;0;0;1;0;0.9;1;0;0;0.55;0.55;0.41;0
0;33;0;1;1;1;0;0;0;0;0;1;18;1;0;0;0;0;0;0;0;0;0;0;0;0;0;0;0;0;0;0;0;17.54;0.61;0.97;0.32;0;0;0;0;0;0;0;0;0;0;0;0;1;0;0;17;0;0;1;0;0;1;1;0;0;0;0;0;0;0;0;0;0;0;0;0;0;0;0;0;0;0;8;0;1;1;1;1;0;1;1;2;1;0;0;0;0;0;0;0;0;0;0;0;0;0;1;0;0;0;1;0;1;0;1;0;0;1;0;0;1;0;0;1;0;1;1;0;0;0.99;1;0.62;1
0;40;0;0;1;1;0;0;0;0;0;0;15;1;0;0;0;0;1;1;0;0;1;1;1;0;0;1;1;0;0;1;1;13;0;0.89;0.24;0;0;0;0;1;1;1;1;1;1;0;1;1;0;1;13;1;1;1;0;0;1;1;0;1;0;1;0;0;0;0;1;0;0;0;0;0;0;0;0;0;0;24;0;0;0.28;0;0.85;0;1;0;2.98;0;0;0;0;0;0;0;0;0;0;0;0;0;0;0;1;0;0;1;1;1;0;0.61;0;0;1;0;0;1;0;0;1;0;1;1;0;0;0;1;1;1
0;33;0;1;1;1;0;0;0;0;0;0;15;1;0;0;0;0;0;1;1;1;1;1;0;0;0;0;0;0;0;0;1;20;1;0.93;0.65;0;0;0;0;0;0;0;0;0;1;0;0;1;0;0;16;1;1;1;0;0;1;1;1;0;0;1;0;1;0;0;0;0;1;0.26;0;0;0;0;0;0;0;22;1;1;1;1;0;0;0;0;1.85;0;0;0;0;1;1;0;0;0;0;0;0;0;0;1;0;0;0;1;1;1;0;0;1;1;0;0;1;0;0;0;0;1;1;1;0;0;0;0;0;1
0;36;0;0;1;1;0;0;0;0;0;1;22;0;1;0;0;0;1;0;1;0;1;0;0;0;0;0;0;0;0;0;0;18;0;0;0;0;0;0;0;0;0;0;0;0;0;0;0;1;0;0;12;1;1;1;0;0;0;1;0;1;1;1;0;0;1;0;1;0;0;1;0;0;0;0;0;0;0;24;1;0;0.44;0;0.6;0;0;0;2.93;0;0;0;0;0;1;0;0;0;0;0;0;0;0;1;0;0;0;1;1;1;0;0.22;0;0;1;0;0;1;0;0;1;0;0.68;1;0;0;0;0;0;1
0;59;0;1;1;0;0;0;1;0;0;1;24.1;1;0;0;0;0;1;0;0;0;0;0;0;0;0;0;0;0;0;0;0;13;0;0;0;1;0;0;0;0;0;0;0;1;0;0;1;1;0;0;20;0;1;1;0;0;1;1;0;0;0;0;0;0;0;0;0;0;0;0;0;0;0;0;0;0;1;12;0;1;1;1;1;0;1;1;1;0;0;1;0;0;0;0;0;0;0;0;0;0;0;1;0;0;0;0;1;1;0;0.32;1;0;1;0;0;0;1;0;1;0;1;1;0;0;1;0;0.39;0
0;19;1;0;0;1;0;0;0;0;0;1;11;1;0;0;0;0;0;0;0;1;1;1;1;0;0;0;0;1;0;0;0;9;1;0;0;1;0;0;0;0;0;0;1;1;1;1;1;1;0;0;16;1;1;1;0;0;0;1;1;0;0;0;0;0;0;0;0;0;1;0.14;0;0;0;0;0;0;0;7;1;1;1;0;0.66;0;1;1;5;0;0;0;0;0;0;0;0;0;0;0;0;0;0;1;0;0;0;1;1;1;0;0;0;0;1;0;0;1;0;0;1;0;1;1;0;0;1;0.62;1;0
0;43;0;1;1;1;0;0;0;0;0;0;21;1;0;0;0;0;1;1;0;1;1;0;0;1;0;0;0;0;0;0;0;16;0;0.97;0.4;0;0;0;0;0;0;0;0;0;0;0;0;1;0;0;17;1;0;1;0;0;0;0;0;0;0;0;0;0;0;0;0;0;0;0;0;0;0;1;0;1;0;21;0;1;1;1;1;1;0;1;0;0;0;0;0;0;0;0;0;0;0;0;0;0;0;0;1;0;0;1;1;1;0;0;0;0;1;0;0;1;0;0;1;0;0.68;1;0;0;1;1;0;0
0;29;0;1;1;0;0;1;0;0;1;0;19.48;0;1;0;0;0;0;0.48;0.31;1;0;0;0.97;0;0;0;0;0;0;1;0;15;1;0.81;0.46;0;0;0;0;0;0;0;0;0;0;0;0;0;1;0;21;0;0;1;0;0;0;0;0;0;0;0;0;1;1;1;1;0;0;1;0;0;1;1;0;0;0;24;1;0;0.56;0;0.71;0;1;1;0;0;0;0;0;0;0;0;0;0;0;0;0;0;0;0;1;0;0;0;1;1;1;0.39;1;0;1;0;0;0;1;0;1;0;0.48;1;0;0;1;0;0;0
0;38;0;1;1;1;0;0;0;0;0;0;28;1;0;0;0;0;0;0;0;1;1;0;0;0;0;0;0;0;0;0;0;15;0;1;0;0;0;0;0;0;0;0;1;1;0;0;0;1;0;0;18;0;0;1;0;0;0;1;0;0;0;0;0;0;0;0;0;0;0;0;1;0;1;0;0;0;0;8;1;1;1;1;0;0;1;1;0;1;0;0;0;0;0;0;0;0;0;0;0;0;0;1;0;0;0;1;1;1;0;1;0;0;1;0;0;1;0;0;1;0;1;0;1;0;0.98;0.57;1;0
0;35;0;1;1;1;0;0;0;0;0;1;17;1;0;0;0;0;0;0;1;0;1;0;0;0;0;0;0;0;0;0;0;14.42;0.71;0.9;0.53;0;0;0;0;0;0;0;0;1;0;0;0;1;0;0;14;1;1;1;0;0;1;1;1;0;0;1;1;1;1;0;1;0;0;1;0;0;0.19;0;0;0;0;7;0;0;0.75;1;0;0;1;1;0;0;0;0;0;0;0;0;0;0;0;0;0;0;0;1;0;0;0;1;0;1;0;0;1;0;1;0;0;0;1;0;1;0;0;1;0;0;0;1;1;1
1;34;1;0;0;1;0;0;0;0;0;1;32;1;0;0;0;0;0;1;0;1;1;0;1;0;1;0;0;0;0;1;1;17;1;1;1;0;0;0;0;0;0;0;1;1;0;0;0;1;0;0;15;0.63;0.44;1;0;0;0.79;0.45;0.26;0.89;0.72;0.4;0.21;0.45;0.45;0.25;0.89;0.25;0.88;0.47;0.46;0.27;0.6;0.3;0.09;0.55;0.71;18.62;0.3;0.56;0.37;0.08;0.45;0.12;0.61;0;1.65;0.73;0.17;0.45;0.22;0.46;0.34;0.01;0.42;0.08;0.18;0.06;0.34;0.42;0.03;0;1;0;0;1;1;1;0;0;1;0;1;0;1;0;0;0;0;1;0.95;1;0;0;0.6;0;1;0
1;37;0;0;1;0;0;0;1;0;0;1;28;1;0;0;0;0;0;1;0;0;1;0;1;0;0;0;0;0;0;1;0;24;0;1;0;0;0;0;0;0;0;0;1;1;0;0;0;1;0;0;14;0;1;1;0;0;1;1;0;1;0;0;0;0;0;0;0;0;0;0;0;0;0;0;0;0;0;9;1;1;1;1;1;1;1;1;21;1;0;0;0;1;1;0;0;0;1;1;1;1;0;0;0;1;0;1;1;1;0;0;1;0;0;1;0;1;0;1;0;0;1;1;0;0;0.81;0.47;1;1
1;30;0;1;1;1;0;0;0;0;0;1;13;1;0;0;0;0;0;0;0;1;1;1;1;1;1;1;1;1;1;1;1;13.09;0.93;1;0.43;0;0;1;0;0;0;0;1;1;1;1;1;1;1;0;13;1;0;1;0;0;1;1;0;0;0;0;0;0;0;0;0;0;0;0;0;0;0;0;0;0;0;10;1;1;1;1;1;1;1;1;0;0;0;1;0;0;1;0;0;0;0;0;0;0;0;0;1;0;0;1;0;1;0;1;0;0;1;0;0;1;0;0;1;0;1;1;0;0;1;0;1;1
1;39;1;0;0;0;1;0;0;0;0;1;16;1;0;0;0;0;0;0;1;0;1;0;1;0;1;0;1;0;0;1;1;11;1;1;0;1;0;0;0;1;1;1;1;1;0;0;0;1;0;1;12;1;1;1;0;0;1;1;0;1;1;1;0;1;0;0;1;0;1;0.37;0.16;0;1;0;0;0;1;12;1;1;1;1;1;1;0;1;3;1;0;1;0;0;1;0;1;0;0;1;1;0;0;0;0;0;1;1;1;1;0;0;0;0;1;0;0;1;0;0;1;0;1;1;0;0;0.83;0.52;1;1
1;28;0;1;1;1;0;0;0;0;0;1;21;1;0;0;0;0;0;1;0;1;0;0;0;0;0;0;0;0;0;0;0;19.66;0.44;0.83;0.19;0;0;0;0;0;0;0;0;0;0;0;0;1;0;0;22;0;0;1;0;0;1;0;0;0;0;0;0;0;0;0;0;0;0;0;1;0;0;0;0;0;0;5;0;1;0;1;1;1;0;1;2;1;0;1;0;0;0;0;0;0;0;0;0;0;0;0;0;1;0;1;0;1;0;0;1;0;1;0;0;0;1;0;0;1;0.77;1;0;0;0.81;1;0.43;0
1;19;0;1;1;1;0;0;0;0;0;0;17;1;0;0;0;0;1;1;0;0;1;0;1;0;0;0;0;0;0;0;0;15;1;0.9;0.43;0;0;0;0;0;0;0;0;0;0;0;0;1;0;0;12;0;0;1;0;0;1;0;0;0;0;0;0;0;1;0;1;1;1;0.4;0;0;0;0;0;0;0;18;0;1;1;1;1;1;0;1;21;0;0;0;0;0;0;0;0;0;0;0;0;0;0;0;1;0;0;1;1;1;0;0.49;0;0;1;0;0;1;0;0;1;0;0.71;1;0;0;1;1;1;0
1;31;0;0;1;0;0;1;0;0;0;0;15;1;0;0;0;0;1;0;0;0;1;1;0;1;0;0;0;0;0;0;1;14;1;1;1;0;0;0;0;0;0;0;1;1;0;0;0;1;0;0;14;1;1;1;0;0;0;1;0;1;1;0;0;1;0;0;1;0;1;0.24;0;0;0;0;0;0;0;12;1;1;0;1;1;1;1;1;0;0;0;1;0;0;1;0;0;0;0;0;1;0;0;0;0;0;1;1;1;1;0;0.4;1;0;1;0;1;0;0;0;1;0;1;1;0;0;1;0.64;1;1
1;23;0;0;1;1;0;0;0;0;0;1;11;1;0;0;0;0;0;0;1;1;1;1;1;1;1;1;1;1;0;1;0;12;1;1;0;1;1;0;0;0;1;1;1;1;1;1;1;1;0;0;12;1;1;1;0;0;1;1;0;1;0;0;0;1;0;0;1;0;0;1;0;0;0;0;0;1;0;18;0;1;1;1;1;1;0;1;2;0;0;0;0;1;1;0;0;0;0;0;1;0;0;0;1;0;0;1;1;1;0;1;1;1;0;0;0;1;0;0;1;0;1;1;0;0;1;1;1;1
1;35;1;0;0;0;0;1;0;0;0;1;11;0;0;0;0;1;0.35;1;1;0;1;1;1;1;1;1;1;1;0;1;0;15;1;1;0;1;1;0;1;0;1;1;1;1;0;1;0;1;0;1;12;1;0;1;0;0;1;1;1;1;1;0;0;0;0;0;0;0;0;1;0;0;0;0;0;1;0;8;1;1;1;1;0;1;1;1;2;1;0;0;0;1;0;0;0;0;1;1;1;0;0;0;1;0;0;1;1;1;0;0;1;0;1;0;1;0;0;0;1;0;1;1;0;0;0.78;0;1;1
1;51;0;1;1;1;0;0;0;0;0;1;16;1;0;0;0;0;1;0;0;1;1;0;1;0;1;0;1;0;0;0;0;15.92;0.51;0.95;0.37;1;0;0;0;0;0;0;0;1;0;0;0;0;0;0;16;1;0;1;0;0;1;1;0;1;1;0;0;1;0;0;1;0;0;0;0;0;0;1;1;0;0;13;0;1;1;1;0;0;1;1;1;0;0;1;0;0;0;0;0;0;0;0;0;0;0;0;0;1;0;1;0;1;0;1;1;0;1;0;1;0;0;0;1;0;1;0;0;1;1;1;1;1
1;40;0;0;1;0;0;0;1;0;0;0;26;1;0;0;0;0;1;0;0;0;1;0;1;0;0;0;0;0;0;0;1;15;1;1;0;1;1;1;1;1;1;0;0;1;0;0;0;1;0;0;22;1;1;1;0;0;1;1;0;1;0;0;1;1;0;0;1;0;0;0;0;0;0;0;0;0;0;21;1;1;1;1;1;1;1;1;5;1;0;1;1;1;1;0;1;1;0;1;1;0;0;1;0;0;0;0;1;1;0;0.64;0;0;1;0;0;1;0;0;1;0;1;1;0;0;0.91;0;1;1
1;31;0;0;1;0;0;1;0;0;0;1;26;1;0;0;0;0;1;0;1;0;1;0;0;0;0;0;0;0;0;1;1;16;0;0;0;1;0;0;0;0;0;0;1;1;0;1;1;1;1;0;16;1;1;1;0;0;0;1;0;1;1;1;0;1;1;1;1;0;1;0.46;1;0;0;0;0;0;1;12;1;1;0;1;1;0;1;1;7;1;0;0;0;0;0;0;0;0;0;0;0;0;0;0;1;0;0;1;1;1;0;0.51;1;0;0;1;0;1;0;0;1;0;0.71;1;0;0;0.68;1;1;0
1;26;0;1;1;1;0;0;0;0;0;1;20.6;0;1;0;0;0;1;1;0;0;0;0;0;0;0;0;0;0;0;0;0;20.01;0.08;0.6;0.01;0;0;0;0;0;0;0;0;0;0;0;0;0;0;0;23.09;0.14;0;1;0;0;1;1;0;0;0;0;0;0;0;0;0;0;0;0;0;0;0;0;0;0;0;6;1;1;1;1;1;0;1;1;3;1;0;0;0;1;0;0;0;0;0;0;0;0;0;0;0;1;0;0;0;0;0;0.26;1;0;0;1;0;1;0;1;0;0;0;1;0;0;0.82;0;0.18;0
1;37;0;0;1;0;0;1;0;0;0;1;24;0;1;0;0;0;1;1;0;0;1;0;1;0;1;0;1;1;0;1;1;10;0;1;1;1;1;1;1;1;1;1;1;1;0;0;0;1;0;0;15;1;1;1;0;0;1;1;0;1;0;0;1;1;1;0;1;1;0;0;0;0;1;0;0;0;0;3;0;1;1;1;1;1;1;1;1;1;0;1;1;0;1;0;1;1;1;1;1;0;0;0;0;0;1;1;1;1;0;0.53;1;0;0;1;0;1;0;1;0;0;0;1;0;0;0.71;1;1;0
1;35;0;0;1;0;0;0;1;0;0;1;21;1;0;0;0;0;1;0;0;1;0;0;0;0;0;0;0;0;0;0;0;21;0;1;0;1;1;0;0;0;1;1;0;1;0;0;0;0;0;0;26;1;1;1;0;0;1;1;0;1;0;0;1;1;0;0;1;0;0;0;0;0;0;0;0;0;0;22;0;1;0;1;1;0;0;1;4;0;0;0;0;0;0;0;0;0;0;0;0;0;0;0;0;0;1;1;1;1;0;0.6;1;0;0;1;1;0;0;0;1;0;1;1;0;0;1;1;0.58;0
1;45;0;0;1;0;1;0;0;0;0;0;32;0;1;0;0;0;1;0;1;0;1;0;0;0;0;0;0;0;0;0;1;20;0;0.76;0.21;1;0;0;0;0;0;0;1;1;0;0;0;1;0;0;17;1;1;1;0;0;1;1;0;1;1;0;1;1;1;0;1;0;1;0.42;0;0;0;0;0;0;1;20;0;1;0;1;1;0;0;1;0;0;0;0;0;0;0;0;0;0;0;0;0;0;0;0;1;0;0;1;1;1;0;0.4;1;0;1;0;1;0;0;0;1;0;1;0;1;0;1;0;1;0
1;39;0;1;1;1;0;0;0;0;0;1;19;1;0;0;0;0;1;0.54;0.06;1;0;0;0;0;0;0;0;0;0;1;0;21;1;1;1;1;0;0;0;0;0;0;0;1;0;0;0;0;0;0;13;1;1;1;0;0;1;1;0;0;0;0;0;0;0;0;1;0;0;0;1;1;0;0;0;0;1;20;0;1;1;1;1;0;1;1;0;0;0;1;1;1;1;0;0;0;1;0;1;0;0;1;0;0;0;1;1;1;0;1;1;1;0;0;1;0;0;1;0;0;1;1;0;0;1;0.6;0.69;1
1;61;0;1;1;0;0;1;0;0;0;1;40.05;0;1;0;0;0;1;1;0;0;0;0;0;0;0;0;0;0;0;0;0;27.8;0.29;0.83;0.4;0;0;0;0;0;0;0;0;0;0;0;0;0;0;0;40.08;0.16;1;1;0;0;1;1;0;0;0;0;0;0;0;0;0;0;0;0;0;0;0;0;0;0;0;18;0;1;1;1;1;0;1;1;0;1;0;1;0;0;1;0;0;0;0;0;0;0;0;1;0;0;0;0;0;0;0;0.18;1;1;0;0;1;0;0;1;0;0;0.72;1;0;0;0.83;0;0.37;0
1;27;0;0;1;1;0;0;0;0;0;1;18;0;1;0;0;0;1;1;0;0;0;0;0;0;0;0;0;0;0;0;0;24;1;1;1;0;0;0;0;0;0;0;0;1;0;1;0;1;0;0;25;1;0;1;0;0;1;1;0;0;0;0;1;0;0;0;1;0;1;0.27;0;0;0;1;0;0;0;23;0;0;0.36;1;1;0;0;0;1.65;0;0;0;0;0;0;0;0;0;0;0;0;0;0;0;1;0;0;1;1;1;0;0.21;1;0;1;0;0;0;1;0;1;0;0.84;1;0;0;0;0.39;0.52;0
1;38;1;0;0;0;1;0;0;0;0;1;24;1;0;0;0;0;0;0;0;0;0;0;0;0;0;0;0;0;0;1;1;24;1;1;0;1;0;0;0;0;0;0;1;0;0;0;0;0;0;0;24;1;0;1;0;0;1;1;0;0;0;0;0;0;0;0;0;0;0;0;0;0;0;0;0;0;0;10;0;1;0;1;1;0;1;1;1;1;0;1;0;0;0;0;0;0;0;0;0;0;0;0;1;0;0;1;1;1;0;0;0.32;0;1;0;0;1;0;0;1;0;1;1;0;0;0.91;1;0.58;0
1;47;0;0;1;0;0;0;1;0;0;1;30;1;0;0;0;0;1;0;0;1;0;0;0;0;0;0;0;0;0;0;0;22.23;0.27;0.83;0.18;0;0;0;0;0;0;0;0;0;0;0;0;0;0;0;31.19;0.34;1;1;0;0;1;1;0;0;0;0;0;0;0;0;0;0;0;0;0;0;0;0;1;0;1;6;0;1;1;1;1;0;1;1;2;1;0;1;1;1;1;0;0;0;0;0;0;0;0;0;1;0;0;1;0;0;0;1;1;1;0;0;1;0;0;0;0;1;1;1;0;0;0.9;0;0.23;0
1;24;0;1;0;0;1;0;0;0;0;0;19.72;0;1;0;0;0;0;0;0;1;0;0;0;0;0;0;0;0;0;0;0;21;0;0.55;0.13;0;0;0;0;0;0;0;0;0;0;0;0;1;0;0;19;0;1;1;0;0;0;1;0;1;0;0;0;0;0;0;1;1;0;0;0;0;0;0;0;0;0;16;0;1;1;1;0;1;1;1;0;0;0;0;0;0;0;0;0;0;0;0;0;0;0;0;1;0;0;0;1;1;0;0.17;1;0;1;0;0;0;1;0;1;0;1;0;1;0;1;0;0.44;0
1;24;0;1;1;1;0;0;0;0;0;1;17;1;0;0;0;0;1;1;0;0;1;0;1;0;1;0;1;0;0;0;1;15;0;1;0;0;0;0;0;0;0;0;0;0;1;1;0;1;0;0;15;1;0;1;0;0;1;1;0;1;0;0;0;0;0;0;1;0;0;1;0;0;0;0;0;0;0;10;1;1;1;1;1;1;1;1;1;0;0;0;0;0;0;0;0;0;1;0;0;0;0;0;0;1;0;1;1;1;0;0.52;0;0;1;0;0;1;0;0;1;0;0.76;1;0;0;1;1;1;0
1;35;0;0;1;0;0;1;0;0;0;1;17;0;1;0;0;0;1;0;1;0;1;1;1;1;1;1;1;1;0;1;1;24;1;0;0;1;1;0;0;1;0;1;1;1;0;0;0;1;0;0;14;1;1;1;0;0;1;1;0;1;0;0;1;1;0;0;1;0;1;0.41;0;0;0;0;0;0;0;20;0;1;1;1;1;1;1;1;2;0;0;0;0;0;0;0;0;0;0;0;0;0;0;0;0;1;0;0;1;1;0;0.4;1;0;0;1;0;1;0;0;1;0;1;1;0;0;1;0;0;0
1;32;1;0;1;0;1;0;0;0;0;1;12;1;0;0;0;0;0;1;0;0;1;0;0;0;0;0;0;0;0;0;0;13;1;1;1;0;0;0;0;0;0;0;1;0;0;0;0;0;0;0;21;1;0;1;0;0;1;1;0;0;0;0;0;0;0;0;0;0;0;0;0;0;0;0;0;0;0;7;1;1;0;1;1;0;0;0;1.13;0;0;0;0;1;0;0;0;0;0;1;0;0;0;0;1;0;0;1;1;1;0;0;1;1;0;0;0;0;1;0;1;0;1;1;0;0;1;1;1;0
1;39;0;0;1;0;0;1;0;0;0;1;31;1;0;0;0;0;1;0;0;0;1;0;1;0;0;0;0;0;0;0.59;1;15;0;0;0;0;0;0;0;0;0;0;1;0;0;0;0;1;0;0;18;0;1;1;0;0;1;1;0;0;0;1;0;0;0;0;1;0;0;1;0;0;0;0;0;0;1;9;0;1;0;1;1;0;1;1;1;0;0;1;0;1;1;0;1;0;0;0;1;0;0;0;0;0;1;1;1;1;0;0;1;0;0;1;0;1;0;1;0;0;0;1;0;0;1;0;1;1
1;41;1;0;0;0;1;0;0;0;0;1;29.59;0;0;1;0;0;1;0;0;0;0;0;0;0;0;0;0;0;0;0;0;21.36;0.6;1;0.49;0;0;0;0;0;0;0;0;0;0;0;0;0;0;0;28.68;0.21;1;1;0;0;1;1;0;0;0;0;0;0;0;0;0;0;0;0;1;1;0;0;0;0;0;8;0;1;1;1;1;0;1;1;0;0;0;0;0;0;0;0;0;0;0;0;0;0;0;0;0;1;0;0;0;0;0;0;1;0;1;0;0;0;1;0;1;0;1;1;0;0;1;0;0.32;0
1;34;1;0;1;1;0;0;0;0;0;0;22;0;1;0;0;0;0;0;0;0;1;0;1;0;1;1;1;1;0;0;0;13;0;0.59;0.08;1;1;0;0;0;0;1;1;0;0;1;1;1;0;0;16;1;1;1;0;0;1;1;0;0;1;0;0;0;0;0;1;0;1;0.33;1;0;0;0;0;1;1;22;0;0;0.36;0;0.63;0;0;0;3.27;0;0;0;0;0;1;0;0;0;0;0;0;0;0;0;1;0;0;1;1;1;0;0.41;0;0;1;0;0;1;0;0;1;0;0;1;0;0;0;0;0;1
1;39;0;0;0;0;0;1;0;0;0;1;25.22;0;1;0;0;0;1;1;0;0;0;0;0;0;0;0;0;0;0;1;1;19;0;0;0;0;0;0;0;0;0;0;0;0;0;0;0;0;0;0;24.27;0;1;1;0;0;1;1;1;0;0;0;1;0;0;0;1;1;0;0;0;1;0;0;0;0;0;10;1;1;1;1;1;1;1;1;1;0;0;1;1;0;1;0;0;0;0;0;0;0;0;0;0;1;0;0;1;0;0;0.61;0;0;1;0;0;1;0;0;1;0;1;1;0;0;1;0;0.36;1
1;18;1;0;1;1;0;0;0;0;0;0;15.86;1;0;0;0;0;1;1;1;0;0;0;0;0;0;0;0;0;0;1;1;13;0;0.45;0.1;0;0;0;0;0;0;0;0;0;0;0;0;1;0;0;12;0;0;1;0;0;0;1;0;0;0;0;0;0;0;0;0;0;1;0.27;0;0;1;0;0;1;0;23;1;1;0;0;0.79;0;1;1;1;0;0;0;0;0;0;0;0;0;0;0;0;0;0;0;1;0;0;0;1;1;0;0.25;0;0;1;0;0;1;0;0;1;0;1;1;0;0;1;0;0.52;0
1;42;0;0;1;0;0;0;1;0;0;1;17;1;0;0;0;0;1;0;0;0;0;0;0;0;0;0;0;0;0;1;1;16.31;0.68;0.81;0.43;0;0;0;0;0;0;0;0;0;0;0;0;0;0;0;21.67;0.5;0;1;0;0;1;1;1;0;1;0;0;1;1;0;0;0;1;0.33;0;0;0;0;0;0;1;6;0;0;0.34;1;1;0;0;0;1.12;0;0;0;0;0;0;0;0;0;0;0;0;0;0;0;0;1;0;1;0;0;0;0.59;1;0;1;0;0;0;1;0;1;0;1;1;0;0;0;1;0.67;1
1;20;1;1;1;1;0;0;0;0;0;1;19;1;0;0;0;0;1;0;0;0;0;0;0;0;0;0;0;0;0;0;0;17.35;0.47;0.93;0.36;0;0;0;0;0;0;0;0;0;0;0;0;1;0;0;16;0;0;1;0;0;1;1;0;0;0;0;0;0;0;0;0;0;0;0;0;0;0;0;0;0;0;9;0;1;0;1;0;0;1;1;3;0;0;0;0;1;0;0;0;0;0;0;0;0;0;1;0;0;0;1;0;1;0;0;0;0;1;0;0;1;0;0;1;0;1;1;0;0;1;1;0.6;0
1;41;0;1;1;1;0;0;0;0;0;1;13;1;0;0;0;0;1;0;0;1;1;1;1;1;1;0;1;0;0;0;0;16;1;1;0;1;0;0;0;0;0;0;1;1;1;1;1;1;0;1;7;1;0;1;0;0;1;1;0;0;0;0;0;0;0;0;0;0;0;0;0;0;0;0;0;0;0;12;1;1;1;1;1;0;1;1;10;1;0;1;1;1;0;0;0;1;0;1;1;0;1;0;1;0;0;1;1;1;0;0.85;1;1;0;0;1;0;0;0;0;1;1;1;0;0;0.87;1;1;1
1;39;0;1;1;1;0;0;0;0;0;1;24.56;1;0;0;0;0;1;0.54;0.16;0.39;0;0;0;0;0;0;0;0;0;0.3;0.45;19.9;0.63;0.88;0.46;0;0.13;0.01;0;0;0;0;0;0;0;0;0.01;0;0;0;23.89;0.29;0.75;1;0;0;0.79;0.47;0.3;0.92;0.79;0.57;0.38;0.5;0.46;0.38;0.54;0.33;0.81;0.14;0.44;0.55;0.72;0.24;0.04;0.79;0.87;15.21;0.17;0.53;0.5;0.15;0.42;0.28;0.41;0;1.26;0.63;0.07;0.56;0.06;0.08;0.14;0;0;0.01;0.03;0.07;0.13;0.01;0.01;0;0;1;0;0.74;0.06;0;0;0.19;0.19;0;1;0;0;1;0;0;1;0;0.87;1;0;0;0.72;1;0.51;0
1;53;0;0;1;0;0;0;1;0;0;0;53;1;0;0;0;0;1;0;0.08;0;0;0;0;0;0;0;0;0;0;1;0;25.32;0.61;0.55;0.12;0;0;0;0;0;0;0;0;0;0;0;0;0;0;0;33.55;0.11;0;1;0;0;1;1;1;0;0;0;0;0;0;0;0;0;0;0;1;0;0;0;0;0;0;5;1;1;1;1;1;0;1;1;0.71;0;0;0;0;0;0;0;0;0;0;0;0;0;0;0;1;0;0;0;0;0;0;0.36;1;0;1;0;0;1;0;0;1;0;0.78;1;0;0;1;1;0.5;0
1;38;1;0;0;1;0;0;0;0;0;1;33;1;0;0;0;0;1;0;1;1;1;0;1;1;1;0;1;1;0;1;1;19;1;1;1;1;0;0;0;0;0;0;1;1;0;0;0;1;0;0;20;1;1;1;0;0;1;1;0;1;1;1;1;1;1;0;1;1;1;0.52;0;0;1;0;0;0;1;6;1;1;1;1;0;0;0;1;0;0;0;1;0;0;0;0;0;0;0;0;0;0;0;1;0;0;0;1;1;1;0;1;0.36;0;1;0;0;1;0;0;1;0;1;0;0;1;1;0;1;0
1;25;1;0;0;1;0;0;0;0;0;1;18.07;1;0;0;0;0;1;0;0;0;0;0;0;0;0;0;0;0;0;0;0;17.57;0.42;0.87;0.43;0;0;0;0;0;0;0;0;0;0;0;0;1;0;0;17;0;1;1;0;0;1;1;1;0;0;0;0;0;0;0;0;0;0;0;0;1;0;0;0;0;0;10;1;1;1;1;0;1;1;1;1;0;0;1;0;0;1;0;0;0;0;0;0;0;0;0;1;0;0;0;0;1;0;0.09;1;0;0;1;0;1;0;0;1;0;1;1;0;0;1;0;0.5;0
1;34;0;1;1;0;1;0;0;0;0;1;30;1;0;0;0;0;1;1;0;0;0;0;0;0;0;0;0;0;0;0;0;23;0;1;0;1;0;0;0;0;0;0;1;0;0;0;0;1;0;0;27;1;0;1;0;0;1;1;0;1;0;0;0;0;0;0;1;0;0;1;0;0;0;0;0;0;0;17;1;1;1;1;1;0;1;1;0;1;0;1;0;0;0;0;0;0;0;0;0;0;0;0;0;0;1;1;1;1;0;0.41;0;0;1;0;0;1;0;0;1;0;1;1;0;0;0.96;0;0.6;0
1;45;1;0;0;1;0;0;0;0;0;1;38;1;0;0;0;0;1;0;0;0;1;0;0;0;0;0;0;0;0;0;0;18;1;0;0;1;0;0;0;0;0;0;0;0;0;0;0;0;0;0;28;1;1;1;0;0;1;0;0;0;0;0;0;0;0;0;0;0;0;0;0;0;0;0;0;0;0;7;0;1;1;1;0;1;1;1;0;1;0;1;0;0;0;0;0;0;0;0;0;0;0;0;1;0;0;0;1;1;0;0.08;1;0;1;0;0;1;0;0;0;1;0.44;1;0;0;0.69;0;0;0
1;33;0;0;1;1;0;0;0;0;0;1;18;1;0;0;0;0;0;1;0;1;1;0;1;1;0;0;1;0;0;0;1;9;1;1;1;1;1;1;1;0;0;1;1;1;1;0;1;1;0;0;14;0;0;1;0;0;1;0;0;1;1;0;0;1;0;0;0;0;1;0.28;0;0;1;1;0;1;0;5;0;0;0.42;0;0.68;0;0;1;3;0;0;0;0;0;0;0;0;0;0;0;0;0;0;1;0;0;0;1;1;1;0;0;0;0;1;0;0;1;0;0;1;0;0.76;1;0;0;1;0.5;0;0
1;22;0;0;1;1;0;0;0;0;0;1;18.11;0;1;0;0;0;0;1;0;1;1;0;0;0;0;0;1;0;1;1;1;12;1;0;0;1;1;0;0;0;0;1;1;1;0;0;0;0;0;0;19;1;0;1;0;0;1;0;0;1;1;0;0;0;0;0;0;0;0;1;0;0;0;0;0;0;0;8;1;1;1;1;1;0;0;1;1;0;0;1;0;0;0;0;0;0;0;0;0;0;0;0;1;0;0;0;1;1;0;0.46;0;0;1;0;0;1;0;0;1;0;0.77;1;0;0;1;0;1;1
1;45;0;1;1;0;0;0;1;0;0;0;42;0;1;0;0;0;0;1;0;1;0;0;0;0;0;0;0;0;0;0;0;23;0;1;0;0;0;0;0;0;0;0;0;0;0;0;0;1;0;0;18;0;1;1;0;0;1;1;0;0;0;0;0;0;0;0;1;0;0;1;0;0;0;0;0;0;0;18;0;1;1;1;1;1;1;1;1;1;0;1;0;0;1;0;1;0;0;0;0;0;0;0;0;1;0;0;1;1;0;0.3;1;0;0;1;0;1;0;0;0;1;1;1;0;0;0.92;1;0.46;1
1;39;0;1;1;1;0;0;0;0;0;1;22;1;0;0;0;0;1;0;1;1;1;0;0;0;0;0;1;0;0;0.76;1;17;1;1;1;0;1;0;0;0;0;0;1;0;0;0;0;0;0;0;21;1;1;1;0;0;1;1;0;1;0;0;1;0;0;0;0;0;1;0.37;0;0;0;0;0;0;1;14;0;1;0;1;1;1;1;1;2;1;0;0;0;0;0;0;0;0;0;0;0;0;0;0;1;0;0;0;1;1;0;0;1;1;0;0;1;0;0;0;0;1;1;0;0;1;0.85;1;1;1
1;22;0;1;1;1;0;0;0;0;0;1;19.37;1;0;0;0;0;0;0;0;0;1;0;0;0;0;0;1;0;0;0;0;20;1;1;1;0;0;0;0;0;0;0;0;0;0;0;0;0;0;0;21.33;1;0;1;0;0;1;1;0;0;0;0;0;0;0;0;0;0;0;0;0;0;0;0;0;0;0;10;1;1;1;1;1;1;1;0;6.51;1;0;0;0;1;1;0;0;0;0;1;0;0;0;0;1;0;0;0;1;0;0;0;1;1;0;0;0;1;0;0;0;1;0.86;1;0;0;0.57;0;0;1
1;40;0;0;1;1;0;0;0;0;0;1;12;0;0;1;0;0;0;0;0;0;1;1;1;1;1;1;1;1;0.2;1;1;11;1;1;1;1;0;1;1;1;0;0;0;1;0;0;1;0;0;0;11;1;1;1;0;0;1;1;0;1;0;0;1;0;0;0;1;0;1;0.31;0;0;0;0;0;0;0;6;1;1;1;1;1;0;1;1;1;0;0;1;0;0;0;0;0;0;0;0;0;0;0;1;0;0;0;1;1;1;0;1;1;0;0;1;1;0;0;0;0;1;1;1;0;0;0;0;1;1
1;19;0;1;1;1;0;0;0;0;0;1;10;0;0;1;0;0;0.49;1;1;0;1;1;1;1;1;1;1;1;0;1;1;9;1;1;1;0;0;0;0;0;0;0;0;0;0;0;0;1;0;0;8;1;1;1;0;0;0;1;0;1;1;0;0.41;0;0;0;1;1;1;0.47;0;0;0;0;0;1;1;23;1;0;0.49;1;1;0;1;0;2.27;0;0;0;1;1;0;0;0;0;0;0;0;0;0;0;0;1;0;1;1;1;0;0;1;0;1;0;1;0;0;0;1;0;1;1;0;0;0;0;1;1
1;31;0;1;1;1;0;0;0;0;0;1;29;1;0;0;0;0;0;1;0;1;1;0;0;0;0;0;0;0;0;0;0;21;0;1;1;0;0;0;0;0;0;0;0;0;0;0;0;1;0;0;17;1;0;1;0;0;1;1;0;0;0;0;0;0;0;0;0;0;0;0;0;0;0;0;0;0;0;6;0;1;1;1;1;1;1;1;0;1;0;1;0;0;1;0;1;0;0;0;1;0;0;0;1;0;0;1;1;1;0;0;0;0;1;0;0;1;0;0;1;0;1;1;0;0;0.97;1;1;1
1;36;0;0;1;1;0;0;0;0;0;1;22;1;0;0;0;0;0;0.32;0.2;1;1;0;1;0;0;0;1;0;0;0;1;14;1;0;0;1;1;1;1;1;1;1;1;1;1;1;1;1;0;1;12;1;0;1;0;0;1;1;0;1;0;0;0;0;0;0;1;0;1;0.43;0;0;0;0;1;0;1;22;1;1;0;1;1;0;1;1;0;0;0;1;0;0;1;0;1;0;0;0;0;0;0;0;0;0;1;1;1;1;0;0;1;0;1;0;0;0;1;0;1;0;1;1;0;0;1;0.77;1;0
1;34;1;0;1;1;0;0;0;0;0;1;20;1;0;0;0;0;0;1;0;0;1;0;0;0;0;0;0;0;0;0;1;15;0;1;0;1;1;0;0;0;0;1;1;1;1;0;0;1;0;0;28;1;1;1;0;0;1;1;0;1;0;0;0;1;0;0;0;0;0;0;0;0;0;0;0;0;0;24;0;0;0.49;1;1;0;0;1;2;0;0;0;0;0;0;0;0;0;0;0;0;0;0;0;1;0;0;0;1;1;0;0;1;1;0;0;1;0;0;0;0;1;0;1;0;0;1;0;1;0
1;44;0;0;1;0;0;0;1;0;0;1;21;1;0;0;0;0;0;1;0;1;1;0;1;1;1;1;1;1;0;1;1;11;1;1;1;1;1;0;1;0;1;0;1;1;0;0;1;1;0;0;11;1;1;1;0;0;1;0;0;0;0;0;0;0;0;0;1;0;0;0;0;0;0;0;0;0;0;18;0;1;1;1;1;0;1;1;3;1;0;0;0;1;0;0;0;0;0;0;0;0;0;0;0;0;1;1;1;1;0;0;1;0;0;1;0;1;0;0;0;1;0.64;1;0;0;0.79;1;0;1
1;37;0;0;1;0;1;0;0;0;1;1;36;0;1;0;0;0;1;0;0.12;0;0;0;0;0;0;0;0;0;0;1;1;16.31;0.69;0.88;0.39;0;0;0;0;0;0;0;0;1;0;0;0;1;0;0;16;1;1;1;0;0;1;1;0;1;0;0;1;1;0;0;1;0;1;0.45;0;0;0;0;0;0;1;3;1;1;0;1;1;1;1;1;2;0;0;0;0;1;0;0;0;0;0;0;1;0;0;0;1;0;0;0;0;1;1;0.5;1;0;1;0;0;0;1;0;1;0;1;1;0;0;1;1;0.46;1
1;35;0;1;1;1;0;0;0;0;0;0;23;1;0;0;0;0;1;1;0;0;1;0;1;0;0;0;1;0;0;0;0;26;0;0.51;0.03;0;0;0;0;0;0;0;1;1;0;0;0;1;0;0;30;0;1;1;0;0;1;1;0;1;1;0;0;1;0;0;1;0;0;0;0;0;0;0;0;0;0;9;1;1;0;1;1;1;1;1;10;0;0;1;0;0;1;0;0;0;0;0;0;0;0;0;1;0;0;1;1;1;0;0.32;1;0;0;1;0;1;0;0;1;0;1;1;0;0;1;1;1;0
1;23;0;0;1;1;0;0;0;0;0;1;21;1;0;0;0;0;0;1;0;0;0;0;1;0;0;0;0;0;0;0;0;21;0;1;1;0;0;0;0;0;0;0;0;0;0;0;0;0;0;0;21.25;0;0;1;0;0;1;1;0;1;0;0;1;0;0;0;0;0;0;0;0;0;0;0;0;0;1;7;0;1;1;1;0;0;0;1;21;1;0;0;0;0;0;0;0;0;0;0;0;0;0;1;0;0;0;0;1;0;0;0;1;0;0;1;0;1;0;0;1;0;0;1;0;0;0.69;0;0;0
1;40;0;0;1;1;0;0;0;0;0;1;32;0;1;0;0;0;1;1;0;0;1;1;1;1;1;1;1;0;0;0;0;18;1;1;1;0;1;0;1;1;1;1;1;1;1;1;0;0;0;0;18;1;1;1;0;0;1;1;0;1;1;0;1;1;0;0;1;0;0;0;0;0;0;0;0;0;0;6;0;1;1;1;1;0;1;1;7;1;0;1;1;1;1;0;1;0;1;1;1;1;0;0;0;0;1;1;1;1;0;0.55;1;0;1;0;0;0;1;0;1;0;0;1;0;0;0.75;1;0;0
1;24;0;1;1;1;0;0;0;0;0;1;16;0;1;0;0;0;0;1;0;0;1;0;1;1;1;1;1;1;0;0;1;17;1;0;0;0;0;0;0;0;0;0;0;0;0;1;0;1;0;0;14;0;1;1;0;0;1;1;0;1;0;0;1;0;0;0;1;0;0;0;0;0;0;0;0;0;0;20;1;1;1;1;1;1;0;1;2;0;0;1;0;1;1;0;0;0;0;1;1;0;0;0;0;1;0;1;1;1;0;0.34;1;0;0;1;0;0;1;0;1;0;0.77;1;0;0;1;1;0;1
1;41;0;0;1;0;0;0;1;0;0;1;17;1;0;0;0;0;0;0;0;1;1;1;1;0;0;0;0;0;0;1;1;16;1;1;1;1;0;1;1;1;1;1;1;1;0;1;0;1;0;0;16;1;1;1;0;0;1;1;0;1;1;0;1;1;1;0;1;1;0;0;0;0;0;0;0;0;0;10;0;1;1;1;0;1;0;1;0;0;0;0;0;0;0;0;0;0;0;0;0;0;0;0;1;0;0;1;1;1;0;1;1;0;0;1;0;1;0;0;1;0;0;1;0;0;1;1;1;0
1;36;0;1;1;1;0;0;0;0;0;1;27;1;0;0;0;0;1;0;1;0;0;0;0;0;0;0;0;0;0;1;1;18;1;1;1;0;0;0;0;0;0;0;0;0;0;0;0;1;0;0;7;1;0;1;0;0;1;0;0;1;1;1;1;1;0;0;1;0;1;0.48;0;0;0;0;0;0;1;8;0;1;1;1;1;1;1;1;0;0;0;0;0;0;0;0;0;0;0;0;1;0;0;1;0;0;0;1;1;1;0;0.33;1;0;0;1;1;0;0;0;1;0;0.77;1;0;0;1;0;0.54;1
1;35;1;0;1;0;0;1;0;0;0;1;27;1;0;0;0;0;1;0;0;1;1;0;1;0;0;0;1;0;1;0;0;16.91;0.77;0.92;0.4;1;1;0;0;0;0;1;1;0;0;0;0;0;0;0;22;1;1;1;0;0;1;1;0;1;0;0;0;1;0;0;1;0;0;0;0;0;0;0;0;0;1;9;1;0;0.57;1;1;1;0;1;0;0;0;0;0;0;0;0;0;0;0;0;0;0;0;0;0;1;0;1;0;1;0;0;1;0;1;0;0;1;0;0;1;0;1;0;0;1;1;0;0;1
1;51;1;0;0;0;1;0;0;0;0;1;32;0;0;1;0;0;0;0;0;1;0;0;0;0;0;0;0;0;0;0;1;33;1;1;1;1;0;0;0;0;0;0;0;0;0;0;0;1;0;0;31;1;1;1;0;0;1;1;0;1;1;0;0;1;0;0;1;0;1;0.31;0;1;1;0;0;0;1;6;1;1;1;1;1;1;1;1;20;1;0;1;0;0;0;0;0;0;0;1;1;0;0;1;0;0;0;1;1;1;0;0;1;1;0;0;0;1;0;0;0;1;1;1;0;0;0.79;0.49;0.43;0
1;36;1;0;1;1;0;0;0;0;0;0;16;1;0;0;0;0;0;0;0;1;1;0;1;0;1;0;1;0;1;0;0;16;0;0;0;0;0;0;0;0;0;0;0;1;0;0;1;1;0;0;16;0;0;1;0;0;1;1;0;1;1;0;1;1;0;0;1;0;0;0;0;0;0;0;0;0;1;0;0;1;1;1;1;0;0;1;10;0;0;0;0;0;0;0;0;0;0;0;0;0;0;0;0;0;1;1;1;1;0;1;1;0;0;1;0;0;1;0;1;0;0;1;0;0;1;0;1;0
1;31;1;0;1;1;0;0;0;0;0;1;16;0;0;1;0;0;1;0;0;1;0;0;1;0;0;0;1;0;0;1;1;24;0;0;0;1;1;0;0;0;0;0;1;1;0;1;0;1;0;0;17;1;1;1;0;0;1;1;0;1;1;0;1;1;0;0;1;0;1;0.32;0;0;0;0;0;0;1;20;0;1;1;0;0.58;1;1;1;21;1;0;1;0;0;0;0;0;0;0;0;0;0;0;0;0;1;0;1;1;1;0;0;1;0;0;1;0;1;0;0;1;0;0;1;0;0;0.52;0;0;1
1;26;0;0;1;1;0;0;0;0;0;1;9;1;0;0;0;0;0;1;1;0;1;1;1;1;1;1;1;0;0;1;1;9;1;1;1;0;0;1;1;0;1;1;1;1;0;1;1;1;0;1;9;1;1;1;0;0;1;1;0;1;0;0;1;1;1;0;1;1;1;0.39;1;1;0;0;0;1;1;13;1;1;1;1;1;1;0;1;1;0;0;1;1;0;0;0;0;0;0;0;0;0;0;1;0;0;0;1;1;1;0;1;0;0;1;0;0;1;0;0;1;0;1;1;0;0;1;1;1;1
1;48;1;1;0;1;0;0;0;0;0;1;39;1;0;0;0;0;1;0;0;0;0;0;0;0;0;0;0;0;0;0;0;25.7;0.52;0.73;0.22;0;0;0;0;0;0;0;0;0;0;0;0;0;0;0;37.44;0.28;1;1;0;0;1;1;0;0;0;0;0;0;0;0;0;0;0;0;0;0;0;0;0;0;0;6;0;1;1;0;0.56;1;0;1;2;0;0;1;0;1;1;1;0;0;0;0;0;0;0;0;1;0;0;0;0;0;0;0.19;1;0;1;0;0;1;0;0;1;0;0;1;0;0;0;1;0.33;0
1;38;0;0;1;1;0;0;0;0;0;1;33;1;0;0;0;0;1;1;0;1;1;1;1;0;1;1;1;0;0;0;1;16;1;1;0;1;1;0;0;0;0;0;0;0;0;0;1;1;0;0;32;1;0;1;0;0;1;1;0;0;0;0;0;0;0;0;0;0;0;0;0;0;0;0;0;0;0;10;1;1;1;1;1;0;1;1;1;1;0;1;1;1;1;0;0;0;0;1;0;0;0;1;0;0;0;0;1;1;0;1;1;0;0;1;0;1;0;0;0;1;1;1;0;0;0.95;0;1;1
1;48;0;0;1;0;1;0;0;0;0;0;24;1;0;0;0;0;1;1;1;1;1;1;1;1;1;1;1;1;0;1;1;12;1;0.9;0.62;1;1;1;1;1;1;1;1;1;0;0;1;1;0;0;16;1;1;1;0;0;0;1;0;1;1;0;1;1;1;0;1;0;1;0.54;1;0;0;0;0;0;0;19;1;1;0;1;1;1;1;1;0;0;0;0;0;0;0;0;0;0;0;0;0;0;0;0;1;0;0;1;1;1;0;0.58;1;0;1;0;0;0;1;0;1;0;1;0;0;1;1;1;1;0
1;41;0;0;1;0;0;1;0;0;0;0;39;1;0;0;0;0;1;1;0;1;1;1;1;0;0;0;0;0;0;1;1;13;1;0.94;0.54;0;0;0;1;0;0;0;0;1;0;0;0;1;0;0;13;1;1;1;0;0;0;1;0;1;0;0;1;1;0;0;1;0;1;0.36;0;0;0;0;0;0;0;16;0;1;0;1;1;0;0;1;20;0;0;0;0;0;0;0;0;0;0;0;0;0;0;0;1;0;0;1;1;1;0;0.44;1;0;0;1;0;1;0;0;1;0;0.73;1;0;0;1;0;1;0
1;23;0;0;1;1;0;0;0;0;0;1;16;0;1;0;0;0;0;0;0;0;1;1;1;1;1;1;1;1;0;1;1;14;1;1;0;1;1;1;0;0;0;1;1;1;0;1;1;1;0;0;14;1;1;1;0;0;1;1;0;1;0.88;1;1;0.59;1;0;1;1;0;0;0;0;1;0;0;0;1;9;0;1;1;1;1;1;0;1;3;0;0;0;0;0;0;0;0;0;0;0;0;0;0;0;0;1;0;1;1;1;0;0.47;0;0;1;0;0;1;0;0;1;0;0;1;0;0;0;1;1;1
1;43;0;0;1;0;0;1;0;0;0;1;24;1;0;0;0;0;1;1;1;0;1;0;1;0;0;0;0;0;1;1;1;12;0;0;0;0;0;0;1;0;0;0;1;1;0;0;1;1;0;0;15;0;0;1;0;0;1;1;0;1;1;0;0;0;0;1;0;0;0;0;0;0;1;0;0;0;0;10;0;1;0;1;1;1;1;1;7;1;0;1;0;0;0;0;0;1;0;0;1;1;0;0;0;1;0;1;1;1;0;0.69;1;0;0;1;0;1;0;0;1;0;0;1;0;0;0.78;1;1;0
1;42;0;1;1;1;0;0;0;0;0;1;18;1;0;0;0;0;0;0;0;0;1;1;1;1;1;1;1;1;0;0;1;16;1;1;0;1;0;0;0;0;0;0;0;1;0;0;0;1;1;0;16;1;0;1;0;0;1;1;0;0;0;0;0;0;0;0;0;0;0;0;0;0;0;0;0;0;0;11;0;1;1;1;1;1;1;1;0;1;0;1;1;0;1;0;0;1;1;0;1;0;0;0;0;1;0;1;1;1;0;1;0;0;1;0;0;1;0;0;1;0;1;1;0;0;0.99;0.78;1;1
1;42;0;0;1;0;1;0;0;0;1;0;21;1;0;0;0;0;0;1;0;0;1;0;1;0;0;0;0;0;0;0;1;9;1;0;0;0;0;0;0;0;0;0;0;0;0;0;0;1;0;0;16;1;1;1;0;0;1;0;0;1;0;0;1;1;0;0;1;1;0;1;0;0;1;0;0;0;0;5;1;1;0;1;1;0;0;1;1;0;0;0;0;0;0;0;0;0;0;0;0;0;0;0;1;0;0;1;1;1;1;0;1;1;0;0;0;0;1;0;1;0;0.73;1;0;0;1;0;0;0
1;32;0;0;1;1;0;0;0;0;0;1;22.3;0;0;0;1;0;0;1;0;0;0;0;0;0;0;0;0;0;0;0;0;18;0;1;0;0;0;0;0;0;0;0;0;0;0;0;0;0;0;0;23.14;1;0;1;0;0;1;1;0;0;0;0;0;0;0;0;1;0;0;0;0;0;0;0;0;0;0;22;0;1;0;1;1;1;1;1;1;1;0;0;0;0;1;0;1;0;0;0;0;0;0;0;0;0;1;0;1;0;0;0.11;0;0;1;0;0;1;0;0;1;0;0;1;0;0;0.82;0;0.3;0
1;21;0;1;1;1;0;0;0;0;0;1;18;1;0;0;0;0;0;0;1;1;1;1;1;0;1;1;1;0;0;0;0;16;1;1;1;0;1;1;1;0;0;1;1;1;0;1;0;1;0;0;18;1;1;1;0;0;0;1;0;0;1;1;0;1;1;0;1;0;0;0;0;0;1;0;0;1;1;6;0;1;1;1;0;0;1;1;0;0;0;0;0;0;0;0;0;0;0;1;0;0;0;0;1;0;0;1;1;1;0;0;0;0;1;0;0;1;0;0;1;0;0;1;0;0;1;1;0;1
1;38;0;0;1;0;0;0;1;0;0;1;16;1;0;0;0;0;0;0;0.26;0;1;1;1;0;1;1;0;0;0;1;1;8;1;0;0;1;0;1;1;1;0;0;1;1;1;0;1;1;0;1;13;1;0;1;0;0;1;1;0;0;0;0;0;0;0;0;1;0;0;0;0;0;0;0;0;0;0;6;0;1;1;1;1;1;1;1;0;0;0;0;0;0;0;0;0;0;0;0;0;0;0;0;1;0;0;1;1;1;0;1;1;0;1;0;0;0;1;0;1;0;1;1;0;0;1;0.82;1;1
1;23;0;1;1;1;0;0;0;0;0;1;18;1;0;0;0;0;1;0;1;0;1;1;1;1;0;0;0;0;0;0;0;16;1;1;0;0;0;0;0;0;0;0;1;0;0;1;0;1;0;0;14;0;0;1;0;0;0;0;0;1;1;0;0;0;1;0;0;0;0;0;0;0;0;0;0;0;0;24;0;0;0.38;1;1;0;0;0;0.84;0;0;0;0;0;0;0;0;0;0;0;0;0;0;0;1;0;0;1;1;1;0;0;0;0;1;0;0;1;0;0;1;0;0.82;1;0;0;1;1;1;1
1;32;0;0;1;1;0;0;0;0;0;1;17;0;0;1;0;0;1;1;0;0;0;0;0;0;0;0;0;0;0;1;1;16;0;0;1;0;0;0;0;0;0;0;1;1;0;0;0;0;0;0;14;1;1;1;0;0;1;1;0;1;1;0;0;1;1;0;1;1;1;0.37;0;0;1;0;0;1;1;12;0;0;0.6;1;0;0;0;1;2;1;0;0;0;0;0;0;0;0;0;0;0;0;0;0;1;0;0;0;1;1;0;0;1;0;1;0;0;0;1;0;1;0;0;1;0;0;0.82;0;0.44;0
1;24;0;1;1;1;0;0;0;0;0;1;17;1;0;0;0;0;0;0;1;1;1;0;1;0;0;0;1;0;0;1;1;13;1;1;0;1;1;0;0;0;0;0;1;1;0;1;0;1;0;0;13;1;1;1;0;0;0;1;0;1;0;0;0.26;0.18;0;0;1;0;1;0.38;0;0;0;0;0;0;0;20;0;1;1;1;1;1;1;1;1;1;0;0;0;0;0;0;0;0;0;0;0;0;0;1;0;0;0;1;1;1;0;0;1;0;1;0;0;0;1;0;1;0;1;1;0;0;0.94;0;1;0
1;45;0;0;1;0;0;1;0;0;0;1;23.04;1;0;0;0;0;1;1;0;1;1;0;1;1;0;0;0;0;0;0;1;14;1;1;1;0;0;0;1;0;0;0;0;1;0;0;0;1;0;0;14;1;0;1;0;0;1;1;0;0;0;0;0;0;0;0;0;0;0;0;0;0;0;0;0;0;0;12;0;1;1;1;1;0;0;1;3;1;0;1;1;0;0;0;0;0;0;0;0;0;0;1;0;0;0;0;1;1;0;0.76;1;0;0;1;1;0;0;0;0;1;1;1;0;0;1;0;1;0
1;29;0;0;1;0;0;1;0;0;0;1;15;1;0;0;0;0;1;0;0;1;1;1;1;1;1;1;1;1;0;1;1;14;1;1;0;1;1;0;0;0;1;0;1;1;0;1;1;1;1;0;13;1;1;1;0;0;1;1;0;1;1;0;1;1;1;1;1;0;1;0.56;0;0;1;0;0;0;1;12;1;1;1;1;0;0;1;1;10;0;0;0;0;0;1;0;0;0;0;1;1;0;0;0;1;0;0;1;1;1;0;1;1;0;0;1;0;1;0;0;1;0;1;1;0;0;1;0;1;0
1;42;1;0;0;0;1;0;0;0;0;1;26.89;1;0;0;0;0;1;1;0;1;1;0;0;0;0;0;0;0;0;1;1;19;0;1;0;0;0;0;0;0;0;0;0;0;0;0;0;0;0;0;27.07;0;0;1;0;0;1;1;0;1;0;0;0;1;1;0;1;0;1;0.09;0;0;0;0;0;0;0;12;1;1;1;1;0;1;0;1;2;1;0;1;0;1;1;0;0;0;0;0;0;0;0;0;1;0;0;0;1;0;0;0.17;1;1;0;0;0;1;0;0;0;1;1;1;0;0;0.88;0;0;1
1;54;1;1;0;0;0;1;0;0;0;1;33;0;0;1;0;0;1;1;0;1;1;0;0;0;0;0;0;0;0;0;0;15;1;1;1;0;0;0;0;0;0;0;0;0;0;0;0;1;0;0;27;1;1;1;0;0;1;1;0;0;0;0;0;0;0;0;1;0;0;0;1;0;0;1;1;0;1;23;0;1;1;1;1;0;0;1;0;0;0;0;0;1;1;0;0;0;0;0;0;0;0;1;0;0;0;1;1;1;0;0;1;0;1;0;1;0;0;0;0;1;1;1;0;0;1;1;1;1
1;30;1;0;0;0;0;0;0;1;0;1;20.32;0;0;0;1;0;0.62;1;0;0;1;0;0;0;0;0;0;1;0;1;1;14;0;1;0;0;0;0;0;0;0;0;0;1;0;0;0;1;0;0;12;1;0;1;0;0;1;1;0;0;0;0;0;0;0;0;1;0;1;0.22;0;0;0;0;0;0;0;7;1;1;1;1;1;1;1;1;1;1;0;1;0;1;0;0;0;0;1;1;1;0;0;0;1;0;0;0;1;1;0;0.34;1;1;0;0;1;0;0;0;1;0;1;1;0;0;0.9;0;0;1
1;35;1;0;0;1;0;0;0;0;0;0;20;1;0;0;0;0;0;0;0;0;0;0;0;0;0;0;0;0;0;0;0;22;1;0.86;0.53;1;0;0;0;0;0;0;1;0;0;0;0;1;0;0;16;1;1;1;0;0;0;0;0;0;0;0;0;0;0;0;0;0;0;0;0;0;0;0;0;0;0;10;0;1;1;1;1;1;1;1;10;1;0;0;0;0;1;0;0;0;0;0;0;0;0;0;1;0;0;1;1;1;0;0;1;0;0;1;1;0;0;0;1;0;0.11;1;0;0;0.71;0;0.54;0
1;40;0;1;1;0;0;0;1;0;0;1;35;1;0;0;0;0;1;1;0;0;1;0;0;0;0;0;0;0;0;0;0;15;1;1;0;0;0;0;0;0;0;0;0;0;0;0;0;1;0;0;15;0;1;1;0;0;1;1;0;0;0;0;0;0;0;0;0;0;0;0;0;0;0;0;0;0;0;6;0;1;1;1;1;0;0;1;1;0;0;0;0;0;0;0;0;0;0;0;0;0;0;0;0;1;0;1;1;1;0;0.49;1;1;0;0;1;0;0;0;1;0;0;1;0;0;1;0;1;0
1;24;0;0;1;1;0;0;0;0;0;0;14;0;1;0;0;0;1;0;0;0;1;1;1;1;1;1;1;1;0;1;1;13.18;0.73;0.93;0.37;1;1;1;0;0;1;1;1;1;1;1;1;1;0;0;14;1;0;1;0;0;1;1;1;0;0;0;1;1;0;0;1;1;0;1;0;0;0.58;0;0;1;1;10;1;1;1;1;1;1;0;1;5;1;0;0;0;0;0;0;0;0;1;1;1;0;0;0;1;0;0;1;0;1;0;0.38;1;0;0;1;0;1;0;0;1;0;0;1;0;0;0.6;0.54;1;0
1;25;0;0;1;1;0;0;0;0;0;1;15;1;0;0;0;0;1;0;0;0;1;1;1;1;1;1;1;0.71;0;1;1;9;1;1;1;1;1;1;1;1;1;1;1;1;0;1;1;1;0;1;11;1;1;1;0;0;1;1;0;1;1;0;1;1;0.38;0;1;1;1;0.43;0;0;1;0;0;1;1;18;0;1;0;1;1;0;0;1;2;1;0;0;0;0;0;0;0;0;0;0;0;0;0;0;0;1;0;1;1;1;0;0;1;0;1;0;0;0;1;0;1;0;1;0;0;1;0.8;0;1;0
1;52;0;0;1;0;0;1;0;0;0;0;37;0;1;0;0;0;1;0;0;0;0;0;0;0;0;0;0;0;0;0;1;25;1;1;1;0;0;0;0;0;0;0;0;0;0;0;0;1;0;0;25;1;1;1;0;0;0;0;0;1;0;0;0;1;0;1;1;0;0;0;0;0;0;0;0;0;0;15;0;1;1;1;0;0;0;1;0;0;0;0;0;0;0;0;0;0;0;0;0;0;0;0;0;1;0;1;1;1;0;0.3;1;0;1;0;0;0;1;0;1;0;0.71;1;0;0;1;0.56;0.48;1
1;22;1;0;1;1;0;0;0;0;0;1;13;0;0;1;0;0;0;1;0;0;1;1;1;1;1;0;1;0;0;1;1;13;1;1;0;0;0;0;0;0;0;0;0;1;0;0;0;1;0;0;12;1;1;1;0;0;1;1;0;0;0;0;0;0;0;0;1;0;1;0.22;0;0;0;0;0;0;1;12;0;1;1;1;1;1;1;1;0;0;0;1;1;0;0;0;0;0;0;0;1;0;0;0;0;0;1;1;1;1;0;1;0;0;1;0;0;1;0;0;1;0;1;1;0;0;1;1;1;1
1;37;0;0;1;0;1;0;0;0;1;1;30;0;1;0;0;0;1;1;0;0;1;0;0;0;0;0;0;0;0;1;1;22;1;0;0;1;0;0;0;0;0;0;0;0;0;0;0;0;0;0;35;1;1;1;0;0;0;1;1;0;0;0;1;1;0;0;1;0;0;0;0;0;0;0;0;0;1;17;0;1;0;1;1;0;1;1;2;0;0;1;0;1;1;0;0;1;1;1;0;0;0;0;0;0;1;1;1;1;1;0.41;1;0;0;1;0;1;0;0;1;0;0;1;0;0;1;0.41;0;0
1;25;0;1;1;1;0;0;0;0;0;0;19;1;0;0;0;0;1;0;0;0;1;1;1;0;1;1;1;1;0;0;1;18;1;0;0;1;1;0;0;0;1;1;1;1;1;1;1;1;0;0;18;1;0;1;0;0;1;1;0;0;1;0;0;0;0;0;1;0;0;0;0;0;0;0;0;0;1;8;0;1;1;1;1;1;0;1;3;0;0;0;0;0;0;0;0;0;0;1;0;0;0;0;1;0;0;1;1;1;0;0.51;1;0;1;0;0;0;1;0;1;0;0;1;0;0;1;0;1;0
0;30;0;1;1;1;0;0;0;0;1;1;20;1;0;0;0;0;1;1;0;0;1;1;1;1;1;0;1;1;0;0;0;12;1;1;0;0;0;0;0;0;0;0;0;0;0;0;0;1;0;0;12;0;0;1;0;0;1;1;0;0;0;0;0;0;0;0;0;0;0;0;0;0;0;0;0;0;0;4;1;1;0;1;1;1;1;1;4;1;0;0;0;0;1;1;1;1;0;0;0;0;0;1;0;0;0;1;1;1;1;1;1;0;0;1;0;1;0;1;0;0;1;1;0;0;0.87;1;1;1
0;40;0;1;1;0;0;0;1;0;1;1;18;0;1;0;0;0;0;1;0;1;1;1;1;1;0;0;1;0;0;0;0;15;1;0;0;1;1;0;0;0;0;1;0;1;0;0;0;1;0;0;14;1;1;1;0;0;1;1;0;0;0;0;0;0;0;0;0;0;0;0;0;0;0;0;0;0;0;12;1;1;1;1;1;0;0;1;2;1;0;1;0;1;0;0;1;0;0;0;0;0;0;1;0;0;0;1;1;1;1;0.54;1;0;0;1;0;1;0;0;0;1;1;1;0;0;1;0.68;1;0
0;31;0;0;1;1;0;0;0;0;0;1;17.44;0;1;0;0;0;1;1;0;0;1;0;0;1;1;0;1;0;1;0;0;16;0;1;0;0;0;0;0;0;0;0;0;0;0;0;0;0;0;0;19.71;0;0;1;0;0;1;1;0;0;0;0;0;0;0;0;0;0;0;0;0;0;0;0;0;0;0;14;1;1;1;1;1;0;0;1;1;1;0;1;0;0;0;0;0;0;0;0;0;0;0;1;0;0;0;0;1;0;0;0.42;0;0;1;0;0;1;0;0;1;0;1;1;0;0;1;0;0;1
0;35;0;1;1;1;0;0;0;0;0;0;21.64;1;0;0;0;0;1;1;0;0;1;0;0;0;0;0;0;0;0;0;0;19;1;0.92;0.6;1;0;0;0;0;0;1;1;1;1;1;0;1;0;0;22;1;0;1;0;0;1;0;0;0;0;0;0;0;0;0;0;0;0;0;0;0;0;0;0;0;0;10;1;1;1;1;1;1;1;1;2;0;0;0;0;0;1;0;0;0;0;0;0;0;0;0;1;0;0;1;1;1;0;1;1;0;0;1;0;1;0;0;1;0;0.87;1;0;0;0;1;0;0
0;32;0;1;0;1;0;0;0;0;0;1;18.29;1;0;0;0;0;1;0;0;0;0;0;0;1;0;1;0;0;0;0;0;18;0;1;0;0;0;0;0;0;0;0;0;0;0;0;0;1;0;0;20;0;0;1;0;0;1;1;0;0;0;0;0;0;0;0;0;0;0;0;0;0;1;0;0;1;1;16;1;1;1;1;1;0;1;1;0;0;0;1;1;0;1;1;0;0;0;0;0;0;0;1;0;0;0;0;1;1;0;0.33;0;0;1;0;0;1;0;0;1;0;0;1;0;0;1;0;0;0
0;35;0;0;1;1;0;0;0;0;0;1;17;1;0;0;0;0;1;1;1;0;1;0;0;0;0;0;0;0;0;0;0;15;0;1;0;1;0;0;0;0;0;0;1;1;0;0;0;1;0;0;15;1;0;1;0;0;1;1;1;0;0;0;0;0;0;0;0;0;0;0;0;0;1;0;0;0;0;7;1;1;1;1;1;0;1;1;1;0;0;1;1;0;0;0;0;0;0;0;0;0;0;0;0;1;0;1;1;1;0;1;0;0;1;0;0;1;0;0;1;0;0;1;0;0;1;1;1;0
0;38;0;1;1;0;0;0;1;0;0;1;30;0;1;0;0;0;1;1;0;1;0;0;0;0;0;0;0;0;0;0;0;16;1;0;0;0;0;1;0;0;0;0;1;1;1;0;0;1;0;0;16;1;1;1;0;0;1;1;0;1;1;1;0;0;0;0;1;0;1;0.45;0;0;1;0;0;0;0;20;0;1;0;1;1;0;0;1;0;0;0;1;1;0;0;0;0;0;0;0;1;0;0;1;0;0;0;1;1;1;0;0.49;1;1;0;0;0;0;1;0;1;0;1;1;0;0;1;1;0.71;0
0;66;1;0;0;0;0;1;0;0;0;1;49.73;0;0;1;0;0;1;0;0;0.09;0;0;0;0;0;0;0;0;0;0;0;24.89;0.53;0.83;0.28;0;0;0;0;0;0;0;0;0;0;0;0;0;0;0;34.82;0.2;1;1;0;0;1;1;0;0;0;0;0;0;0;0;0;0;0;0;0;0;0;0;0;0;0;8;1;1;1;1;1;0;1;1;0;0;0;1;1;0;1;0;0;0;0;0;0;0;0;0;1;0;0;0;0;0;0;0;1;1;0;0;1;0;0;0;0;1;1;1;0;0;1;0;0.36;0
0;38;0;0;1;0;0;0;1;0;0;1;12;0;0;1;0;0;1;0.53;0.25;1;1;1;1;1;1;1;1;0;0;0;1;10;0;1;1;0;0;1;1;0;0;1;0;1;1;0;1;1;1;1;10;1;1;0;1;0;1;1;0;0;0;0;0;0;0;0;1;0;0;0;0;0;0;0;0;1;0;12;1;1;1;1;1;1;1;1;2;1;0;1;1;1;1;0;1;0;0;0;1;0;0;1;0;0;0;1;1;1;0;1;0;0;1;0;0;1;0;0;1;0;1;1;0;0;0.99;0;1;1
0;29;1;0.25;0;1;0;0;0;0;0;1;16;1;0;0;0;0;0;1;0;0;1;1;1;1;1;1;1;0;0;0;0;16;1;1;0;0;0;0;0;0;0;0;0;0;0;0;0;1;0;0;10;1;0;0;0;1;0;0;0;0;0;0;0;0;0;0;0;0;0;0;0;0;0;0;0;0;0;7;0;1;1;1;1;0;0;1;20;1;0;0;0;0;0;1;0;0;0;0;0;0;0;1;0;0;0;1;1;1;0;0;0;0;1;0;0;1;0;0;1;0;0.12;1;0;0;0.71;0;1;1
0;22;1;0;1;1;0;0;0;0;0;1;13;0;0;1;0;0;1;1;1;1;1;0;0;0;0;0;1;1;0;0;1;13;1;1;1;0;0;0;0;0;0;1;0;1;1;0;0;1;0;0;12;0;0;1;0;0;0;1;1;0;0;0;0;0;0;0;0;0;0;0;0;0;0;0;0;0;0;24;0;1;1;1;1;0;0;1;1;0;0;1;0;1;0;0;0;0;0;0;1;0;0;1;0;0;0;1;1;1;0;0;1;1;0;0;1;0;0;0;0;1;1;1;0;0;1;0.65;1;1
0;43;0;1;1;1;0;0;0;0;0;1;35;1;0;0;0;0;0;0.56;0.23;1;1;0;0;0;0;0;0;0;0;0;0;16.38;0.83;0.98;0.64;0;0;0;0;0;0;0;1;1;0;0;0;1;0;0;14;1;0;1;0;0;1;1;0;0;0;0;0;0;0;0;0;0;0;0;0;0;0;0;0;0;0;8;1;1;1;1;0;0;1;1;14;1;0;0;0;0;0;0;0;0;0;0;0;0;0;1;0;0;0;1;0;1;0;0;1;0;0;1;0;0;1;0;1;0;1;1;0;0;0.93;0;1;0
0;51;0;0;1;0;0;0;1;0;0;1;21.4;0;1;0;0;0;1;1;0;0;1;0;1;1;0;0;0;0;0;0;0;19;0;1;0.24;0;0;0;0;0;0;0;0;0;0;0;0;1;0;0;16;0;0;1;0;0;1;1;1;0;0;0;0;0;0;0;0;0;0;0;0;0;0;0;0;0;0;14;0;1;1;1;1;0;1;1;2;0;0;0;0;1;1;0;0;0;0;0;1;0;0;1;0;0;0;0;1;1;0;0.38;1;1;0;0;1;0;0;0;0;1;0;1;0;0;1;0;1;1
0;47;0;0;1;0;0;0;1;0;1;1;13;0;1;0;0;0;1;1;0;1;1;1;0;1;1;1;1;1;1;0;1;12;1;1;1;1;1;1;1;1;1;1;0;1;0;0;1;1;1;0;13;0;1;1;0;0;1;1;1;1;0;1;1;0;1;0;1;1;1;0.45;0;0;0;0;0;0;0;14;1;1;1;1;1;0;0;1;1;0;0;1;0;0;0;0;1;0;0;0;0;0;0;1;0;0;0;1;1;1;1;0.68;1;1;0;0;1;0;0;0;1;0;1;1;0;0;1;0.71;1;1
0;30;0;0;1;0;0;1;0;0;1;1;16.94;0;1;0;0;0;1;1;0;0;1;1;1;1;1;1;1;1;0;0;0;12;1;1;1;0;1;0;0;1;1;1;1;1;0;0;1;1;0;0;12;0;0;1;0;0;1;1;1;1;0.45;0;0.4;1;1;0;0;0;0;0;0;0;1;1;0;1;1;7;0;1;1;1;1;1;1;1;5;1;0;0;0;0;0;0;1;1;0;0;0;0;1;1;0;0;0;0;1;1;1;0.54;1;0;0;1;0;1;0;1;0;0;1;1;0;0;0.76;0;0;1
0;32;1;0;0;0;0;0;1;0;0;1;19.71;1;0;0;0;0;0;1;0;0;0;0;0;0;0;0;0;0;0;0;0;18;1;1;0;0;0;0;0;0;0;0;0;0;0;0;0;0;0;0;21.35;0;0;1;0;0;1;1;1;0;0;0;0;0;0;0;0;0;0;0;0;0;0;0;0;0;0;7;0;1;1;1;1;0;1;1;1;0;0;1;1;1;1;1;1;1;0;1;1;0;0;0;1;0;0;0;1;0;0;1;1;0;0;1;0;1;0;0;0;1;1;1;0;0;1;0;0.51;0
0;24;1;0;1;0;1;0;0;0;0;1;12;0;0;1;0;0;0;1;0;0;1;1;1;1;1;0;1;0;0;0;0;15.71;0.71;0.95;0.51;1;0;0;0;0;0;0;0;0;0;0;0;1;0;0;16;0;1;1;0;0;1;1;0;1;1;0;0;0;0;0;0;0;0;0;0;0;0;0;0;0;0;8;1;1;1;1;0;1;0;1;0;0;1;0;0;0;0;0;0;0;0;0;0;0;0;0;1;0;0;1;0;1;0;0;0;0;1;0;0;1;0;0;1;0;1;0;0;1;1;0;1;1
0;58;0;0;1;0;0;0;1;0;1;1;24;0;1;0;0;0;0;1;0;1;0;0;0;0;0;0;0;0;0;0;1;16.31;0.59;0.97;0.49;0;0;0;0;0;0;0;0;0;0;0;0;0;0;0;24.78;0.26;0;1;0;0;1;1;1;0;0;0;0;0;0;0;0;0;0;1;0;0;0;0;0;0;0;17;1;1;1;1;1;0;1;1;0;0;0;0;1;1;1;0;1;1;0;0;0;0;0;1;0;0;0;1;0;0;1;0.59;0;0;1;0;0;1;0;0;1;0;1;1;0;0;1;0.62;0.68;1
0;52;0;1;1;1;0;0;0;0;0;1;17;0;1;0;0;0;0;1;0;0;1;0;1;1;1;1;0;0;0;0;0;11;1;1;1;1;0;0;0;0;0;1;0;1;0;0;1;1;0;0;13;1;0;1;0;0;1;1;0;0;0;0;0;0;0;0;0;0;0;0;0;0;0;0;0;0;0;19;1;1;1;1;1;1;1;1;2;0;0;1;1;0;1;0;1;1;0;1;1;0;0;1;0;0;0;0;1;1;0;0.78;1;1;0;0;1;0;0;0;0;1;1;1;0;0;1;1;1;1
0;25;1;0;1;1;0;0;0;0;0;1;17;1;0;0;0;0;0;0;0.14;1;1;1;0;1;0;1;1;0;0;0;0;8;1;1;1;0;0;0;0;0;0;0;0;1;0;1;0;1;0;1;16;1;0;1;0;0;1;0;0;0;0;0;0;0;0;0;0;0;0;0;0;0;0;0;0;0;0;8;1;1;1;1;1;1;0;1;14;0;0;0;0;1;0;0;0;0;0;0;0;1;0;0;1;0;0;1;1;1;0;0;1;1;0;0;1;0;0;0;0;1;0.79;1;0;0;1;1;1;0
0;40;0;1;1;0;0;1;0;0;0;1;30;1;0;0;0;0;1;1;0;1;1;1;1;1;1;1;1;1;0;0;0;16;1;1;0;1;0;0;0;0;0;0;0;0;0;0;0;1;0;0;10;1;0;1;0;0;1;1;0;0;0;0;0;0;0;0;0;0;0;0;0;0;0;0;0;0;0;19;0;1;1;1;1;1;1;1;30;1;0;0;1;0;1;1;1;1;0;1;1;1;0;0;0;1;0;1;1;1;0;0.63;1;0;0;1;1;0;0;0;0;1;0;1;0;0;0.61;0;1;0
0;28;0;1;1;1;0;0;0;0;0;1;20;1;0;0;0;0;1;0;1;0;1;1;1;1;1;0;0;0;0;0;0;13;0;0;0;0;0;0;0;0;0;0;0;0;0;0;0;1;0;0;13;0;0;1;0;0;1;0;0;0;0;0;0;0;0;0;0;0;0;0;0;0;0;0;0;0;0;12;1;1;1;1;1;0;0;1;1;0;0;1;1;0;0;0;0;0;0;0;0;0;0;0;1;0;0;0;1;1;0;0.51;1;0;1;0;1;0;0;0;1;0;0.92;1;0;0;1;0;1;0
0;42;0;0;1;0;0;0;1;0;0;1;16;0;0;1;0;0;0;0.53;0.07;1;1;0;1;1;1;0;0;0;0;0;1;12;1;0;0;0;0;0;0;0;0;1;0;1;0;0;0;1;0;0;13;0;0;1;0;0;1;1;0;0;0;0;0;0;0;0;0;0;0;0;0;0;1;0;0;0;0;12;1;1;1;1;1;1;0;1;2;0;0;0;0;0;0;0;0;0;0;0;0;0;0;1;0;0;0;1;1;1;0;0;1;1;0;0;1;0;0;0;0;1;1;1;0;0;1;0.64;1;1
0;30;0;1;1;1;0;0;0;0;0;1;18.9;1;0;0;0;0;1;1;0;0;0.69;0.05;0.34;0.05;0.43;0.06;0.54;0.15;0;0;0;21;0;0.44;0.03;0;0;0;0;0;0;0;0;0;0;0;0;0;0;0;22.79;0;0;1;0;0;1;1;0;0;0;0;0;0;0;0;0;0;0;0;0;0;0;0;0;0;0;11;0;1;0;1;1;1;0;1;15;1;0;0;0;1;0;0;0;0;0;0;0;0;0;0;1;0;0;0.99;1;0;0;1;1;0;0;1;1;0;0;1;0;0;1;1;0;0;0.75;0.59;0;0
0;38;0;0;1;1;0;0;0;0;0;1;17.08;1;0;0;0;0;1;0;0;0;0;0;0;0;0;0;0;0;0;0;0;16.38;0.85;1;0.53;0;0;0;0;0;0;0;0;0;0;0;0;0;0;0;20.24;0.37;0;1;0;0;1;1;0;0;0;0;0;0;0;0;0;0;0;0;0;0;0;0;0;0;0;8;1;1;1;1;1;0;0;1;2;1;0;1;1;1;0;0;0;0;0;0;1;0;0;1;0;0;0;0.91;0;0;0;0;0;0;1;0;0;1;0;0;1;0;1;1;0;0;1;0.52;0.85;0
0;30;0;1;1;1;0;0;0;0;0;1;12;1;0;0;0;0;1;1;0;0;1;1;1;1;1;1;1;1;0;0;0;10;1;1;1;0;0;1;0;0;1;0;1;1;0;0;0;1;0;0;11;1;0;1;0;0;1;1;0;1;0;0;0;0;0;0;0;0;0;0;0;0;1;0;0;1;0;21;0;0;0.82;1;1;0;1;1;2;1;0;0;0;0;0;0;0;0;0;0;0;0;0;1;0;0;0;1;1;1;0;0.32;1;1;0;0;1;0;0;0;0;1;0;1;0;0;0.69;0.71;1;1
0;51;0;0;1;0;0;1;0;0;0;1;22;1;0;0;0;0;1;1;0;0;1;1;1;1;1;0;0;1;0;0;1;13;1;1;1;1;0;0;0;0;1;0;0;1;0;0;0;0;0;0;15;1;0;1;0;0;1;1;0;0;0;0;0;0;0;0;0;0;0;0;0;0;0;0;0;0;0;10;1;1;1;1;1;0;1;1;2;0;0;1;1;0;1;0;0;0;0;0;0;0;0;1;0;0;0;1;1;1;0;0.73;1;0;0;1;0;1;0;0;0;1;1;1;0;0;1;0.66;1;0
0;25;1;0;1;1;0;0;0;0;0;1;16;1;0;0;0;0;0;0.58;0.31;1;1;0;0;0;0;0;1;0;0;0;1;13;1;1;1;1;0;0;0;0;0;1;1;1;0;1;0;1;0;0;13;1;0;1;0;0;1;1;1;1;0;0;1;1;0;0;1;0;1;0.35;0;1;1;0;0;0;0;24;0;0;0.25;0;0.77;0;0;1;0;0;0;0;1;1;0;0;1;1;0;0;1;0;0;1;0;0;0;1;1;1;0;0;0.13;0;1;0;0;1;0;0;1;0;1;1;0;0;0;0.77;1;1
0;23;1;0;0;1;0;0;0;0;0;1;14;1;0;0;0;0;0;0.63;0.04;0;1;1;1;1;1;1;1;1;0;0;0;14;1;1;0;0;0;0;0;0;0;0;0;1;0;0;1;1;0;0;12;1;0;1;0;0;1;1;0;0;0;0;0;0;0;0;0;0;0;0;0;0;0;0;0;1;0;17;1;1;1;1;0;0;0;1;5;1;0;0;0;0;0;1;0;1;0;1;1;0;0;1;0;0;0;1;1;1;0;1;0;0;1;0;0;1;0;0;1;0;0;1;0;0;0.82;1;1;1
0;68;0;0;1;0;0;0;0;1;0;1;16;1;0;0;0;0;0;1;0;0;0;0;0;0;0;0;0;0;0;0;0;17;0;0;0;0;0;0;0;0;0;0;0;0;0;0;0;0;0;0;25.96;0;1;1;0;0;1;1;0;0;0;0;0;0;0;0;0;0;0;0;0;0;0;0;0;0;0;8;1;1;1;1;1;1;1;1;2;0;0;0;0;1;0;0;0;0;0;0;0;0;0;1;0;0;0;1;1;0;0;0;1;0;0;1;0;0;1;0;0;1;1;1;0;0;1;0;0.55;0
0;42;1;1;0;0;0;1;0;0;0;1;27.28;0;1;0;0;0;1;1;0;0;0;0;0;0;0;0;0;0;0;0;0;16;1;1;0;0;0;0;0;0;0;0;0;0;0;0;0;0;0;0;28.88;0;1;1;0;0;1;1;0;0;0;0;0;0;0;0;0;0;0;0;0;0;0;0;0;0;0;8;1;1;1;1;1;1;0;1;3;0;0;0;1;1;1;0;0;0;0;0;0;0;0;1;0;0;0;0;1;0;0;0.28;1;0;1;0;1;0;0;0;1;0;1;1;0;0;1;0;0.31;0
0;24;1;0;1;0;0;1;0;0;0;1;11;0;0;1;0;0;0;0;0;0;1;0.44;0;0;1;0;1;0;0;0;0;13;0;1;0;0;0;0;0;0;0;0;0;1;0;1;0;1;0;0;14;1;0;1;0;0;1;1;1;0;0;0;0;0;0;0;0;1;0;0;0;0;0;0;0;1;0;9;1;1;1;1;1;0;0;1;0;0;0;0;0;0;0;0;0;0;0;0;1;0;0;0;1;0;0;1;1;1;0;0;0;0;1;0;0;1;0;0;1;0;1;1;0;0;1;1;1;1
0;25;1;0;1;1;0;0;0;0;0;1;17;1;0;0;0;0;0;0;0;0;1;1;1;1;1;1;1;1;1;0;0;11;1;1;0;1;0;1;0;0;1;1;0;1;1;1;1;1;1;0;14;1;0;1;0;0;1;1;0;0;0;0;0;0;0;0;0;0;0;0;0;0;0;0;0;0;0;8;1;1;1;1;0;1;1;1;1;0;0;1;1;0;0;0;0;0;1;0;1;0;0;1;0;0;0;1;1;1;0;1;1;0;1;0;1;0;0;0;0;1;0;1;0;0;1;0.68;1;0
0;30;0;0;1;1;0;0;0;0;0;1;17.02;1;0;0;0;0;1;1;0;0;0;0;0;0;0;0;0;0;0;0;0;14;1;1;1;0;0;0;0;0;0;0;0;1;0;0;0;1;0;0;14;1;0;1;0;0;1;1;0;0;0;0;0;0;0;0;0;0;0;0;0;0;0;0;0;0;0;14;1;1;1;1;1;0;0;1;4;1;0;0;0;0;0;0;0;1;0;0;0;0;0;1;0;0;0;0;1;1;0;1;1;1;0;0;1;0;0;0;0;1;1;1;0;0;0.97;0;0.83;1
0;26;1;0;0;0;0;0;1;0;0;1;18.28;1;0;0;0;0;1;1;0;0;1;0;0;0;0;0;0;0;0;0;0;18;1;1;1;0;0;0;0;0;1;1;0;0;0;1;1;1;0;0;17;0;0;0;1;0;1;1;1;0;0;0;0;0;0;0;1;0;1;0.17;0;0;0;0;0;1;0;9;0;1;1;1;1;1;1;1;3;1;0;1;0;1;1;0;0;1;0;0;0;0;0;1;0;0;0;0;1;1;0;0.45;1;0;1;0;0;0;1;0;1;0;1;1;0;0;0.87;0;0;0
0;35;1;0;0;0;0;1;0;0;0;1;23;0;0;0;1;0;0.59;1;0;0;1;0;0;0;0;0;0;0;0;0;0;18.56;0.46;0.92;0.37;0;0;0;0;0;0;0;0;0;0;0;0;1;0;0;22;0;1;1;0;0;1;1;0;0;0;0;0;0;0;0;0;0;0;0;0;0;0;0;0;0;0;10;1;1;1;1;0;1;0;1;0;0;0;1;0;0;0;0;0;0;0;0;0;0;0;0;1;0;0;0;0;1;0;0.03;1;1;0;0;1;0;0;0;0;1;0;1;0;0;1;1;0;0
0;36;1;1;0;1;0;0;0;0;0;1;29;0;0;1;0;0;1;1;0;1;0;0;0;0;0;0;1;0;0;0;0;20.88;0.5;0.88;0.45;0;0;0;0;0;0;0;0;0;0;0;0;1;0;0;27;1;0;1;0;0;1;1;0;0;0;0;0;0;0;0;0;0;0;0;0;0;0;0;0;0;0;10;1;1;1;0;0.82;1;1;0;0.72;0;0;1;0;0;1;0;1;0;0;1;1;0;0;0;1;0;0;0;0;1;0;0;1;0;1;0;1;0;0;0;1;0;0;1;0;0;1;0;0;0
0;48;0;1;1;0;0;0;1;0;1;1;14;1;0;0;0;0;1;1;0;0;0;0;0;0;0;0;0;0;0;1;1;17.42;0.54;0.97;0.44;0;0;0;0;0;0;0;0;0;1;0;0;1;0;0;19;0;0;1;0;0;1;1;1;0;0;0;0;0;0;0;0;0;0;0;0;0;0;0;0;0;0;17;0;1;1;1;1;0;1;1;0;0;0;1;0;1;1;0;0;1;0;0;0;0;0;1;0;0;0;1;0;1;1;0.64;0;0;1;0;0;1;0;0;1;0;1;1;0;0;1;1;0.49;1
0;22;0;0;0;1;0;0;0;0;0;1;13;1;0;0;0;0;1;1;0;0;1;0.69;0.74;0.77;0.89;0.72;0.92;0.33;0;0;1;14;0;1;1;0;0;0;0;0;0;0;0;0;0;0;0;0;0;0;16.04;0;0;1;0;0;1;1;0;0;0;0;0;0;0;0;0;0;0;0;0;0;0;0;0;0;0;8;1;1;1;1;1;0;0;1;1;1;0;1;0;1;1;0;0;0;0;0;0;0;0;1;0;0;0;1;1;0;0;1;0;0;1;0;0;1;0;0;1;0;1;1;0;0;0.95;0;0.67;0
0;53;0;0;1;0;0;0;1;0;1;1;16;0;0;1;0;0;1;1;0;0;1;1;1;1;1;1;1;0;0;0;0;14;1;1;1;1;1;1;1;1;1;1;1;1;1;0;1;1;0;0;16;0;1;0;1;0;1;1;0;0;0;0;0;0;0;0;0;1;0;0;0;0;0;0;0;0;0;20;1;1;1;1;1;1;1;1;14;1;0;0;1;1;1;0;0;0;0;0;0;0;0;1;0;0;0;1;1;1;1;1;1;0;0;1;1;0;0;0;1;0;0.37;1;0;0;0.62;1;0;0
0;44;0;1;1;1;0;0;0;0;0;1;15;1;0;0;0;0;0;0.5;0.08;1;1;1;1;1;1;1;1;1;0;0;0;14;1;0;0;1;0;0;0;0;0;0;0;1;0;0;0;1;0;1;15;1;0;1;0;0;1;1;1;0;0;0;0;0;0;0;1;0;0;0;0;0;0;0;0;0;0;6;1;1;1;1;1;0;1;1;0;0;0;1;0;0;1;0;0;1;1;0;1;0;0;1;0;0;0;1;1;1;0;1;0;0;1;0;0;1;0;0;1;0;0;1;0;0;1;0.84;1;0
0;26;1;0;1;0;0;1;0;0;0;1;17;0;0;1;0;0;1;1;0;1;1;0;1;1;1;1;0;1;0;0;0;14;1;1;0;1;0;1;0;0;0;0;1;1;0;0;0;1;0;0;15;1;0;1;0;0;1;1;0;1;0;0;0;0;0;0;1;0;0;0;0;0;0;0;0;1;0;20;0;1;1;1;1;1;0;1;30;0;0;0;0;1;0;0;0;0;0;0;1;1;0;0;0;0;1;1;1;1;0;0;1;1;0;0;0;0;1;0;1;0;1;1;0;0;1;1;1;1
0;26;0;0;1;1;0;0;0;0;0;1;16;1;0;0;0;0;1;1;0;0;1;1;0;1;1;0;0;0;0;0;0;16.41;0.87;0.99;0.49;0;0;0;0;0;0;0;0;0;0;0;0;1;0;0;18;0;0;1;0;0;1;1;0;1;1;0;0;0;0;0;0;0;0;0;0;0;0;0;0;0;0;9;1;1;1;1;1;1;0;1;8;0;0;0;1;0;0;0;0;0;0;0;0;0;0;1;0;0;0;1;0;1;0;0.48;0;0;1;0;0;1;0;0;1;0;0;1;0;0;1;0.68;0;1
0;58;1;0;0;1;0;0;0;0;0;0.78;51;0;0;0;0;0.28;0.64;0;0;0;0.57;0;0.61;0;0;0;0;0;0;0;0;22.59;0.61;0.94;0.52;0;0;0;0;0;0;0;0;0;0;0;0;0;0;0;33.04;0.38;0;0;1;0;1;1;0;0;0;0;0;0;0;0;0;0;0;0;0;1;0;0;0;0;0;14;1;1;1;1;1;1;0;1;0;0;0;0;1;0;0;0;0;0;0;0;0;0;0;0;1;0;0;1;0;0;0;0;1;1;0;0;0;0;1;0;1;0;0.74;1;0;0;1;0;0;0
0;25;0;0;1;0;1;0;0;0;0;1;11;1;0;0;0;0;0;1;0;0;1;1;1;1;1;1;1;1;0;0;0;18;0;1;0;1;1;1;1;0;1;1;0;1;1;1;1;1;0;0;15;0;0;1;0;0;1;1;0;0;0;0;0;0;0;0;0;0;0;0;0;0;0;0;0;0;0;10;1;1;1;1;1;0;0;1;4;0;0;1;0;1;0;0;0;0;0;0;0;0;0;1;0;0;0;1;1;1;0;0;1;0;0;1;0;1;0;1;0;0;1;0;1;0;1;0.59;1;1
0;36;1;1;0;1;0;0;0;0;0;1;20.57;0;1;0;0;0;0;0;0;0;1;0;0;0;0;0;1;0;0;0;0;18;0;1;0;0;0;0;0;0;0;0;0;0;0;0;0;1;0;0;18;1;0;0;1;0;1;1;1;0;0;0;0;0;0;0;0;0;0;0;0;0;0;0;0;0;0;6;1;1;1;1;1;0;0;1;5;1;0;0;1;0;0;0;0;1;1;0;1;0;0;1;0;0;0;0;1;1;0;0.58;0;0;1;0;0;1;0;0;1;0;1;1;0;0;0.95;0;1;1
0;52;0;1;1;1;0;0;0;0;0;1;15;1;0;0;0;0;1;1;0;1;1;0;0;1;1;1;0;0;0;0;0;19;1;1;0;1;0;0;0;0;0;0;0;1;0;0;0;1;0;0;41;0;0;1;0;0;1;1;0;0;0;0;0;0;0;0;0;0;0;0;0;0;0;0;0;0;0;12;1;1;1;1;1;0;1;1;1;1;0;1;0;0;1;0;1;0;0;0;0;0;0;1;0;0;0;1;1;1;0;0.63;1;0;0;1;1;0;0;0;0;1;1;1;0;0;0.93;1;1;0
0;50;0;0;1;0;0;0;1;0;0;1;39;1;0;0;0;0;1;0;1;0;1;0;1;0;0;0;0;0;0;0;0;12;1;1;1;1;0;1;0;0;0;0;1;1;0;0;1;1;0;0;35;1;0;1;0;0;1;1;0;0;0;0;0;0;0;0;0;0;0;0;0;1;0;0;0;0;0;10;1;1;1;1;1;1;1;1;0;0;0;1;0;0;0;0;0;1;0;0;1;0;0;1;0;0;0;1;1;1;0;0.61;1;0;1;0;0;1;0;0;1;0;0;1;0;0;1;1;0;0
0;43;1;0;0;1;0;0;0;0;0;1;26.35;0;0;0;1;0;0.51;1;0;0;0;0;0;0;0;0;0;0;0;0;0;16;1;1;0;0;0;0;0;0;0;0;0;0;0;0;0;1;0;0;18;0;0;0;1;0;1;1;0;0;0;0;0;0;0;0;0;0;0;0;1;0;0;0;0;0;0;14;1;1;1;1;1;1;1;1;4;0;0;1;0;1;1;1;1;1;1;1;1;0;0;0;1;0;0;0;1;1;0;0.33;1;0;0;1;1;0;0;0;0;1;1;1;0;0;1;0;0.6;0
0;28;0;0;1;1;0;0;0;0;0;1;8;1;0;0;0;0;1;1;0;0;1;1;1;1;1;1;0;1;0;1;1;12;1;1;1;0;0;1;1;1;1;0;0;1;1;0;1;1;0;0;14;1;0;1;0;0;1;1;0;0;0;0;0;0;0;0;1;1;1;0.43;0;0;1;0;0;1;0;18;0;1;1;1;1;0;1;1;0;0;0;1;1;0;1;1;0;0;0;0;1;0;0;1;0;0;0;1;1;1;0;1;1;0;1;0;0;0;1;0;1;0;1;1;0;0;1;0.74;1;1
0;39;0;1;1;1;0;0;0;0;0;1;11;1;0;0;0;0;0;0.43;0.23;1;1;1;1;1;1;1;1;1;0;0;0;15;1;1;0;1;1;0;0;1;0;1;1;1;0;0;0;1;0;0;13;1;0;1;0;0;1;1;0;0;0;0;0;0;0;0;0;0;0;0;0;0;1;0;0;1;0;8;1;1;1;1;1;0;1;1;3;0;0;0;1;0;1;1;0;1;0;1;0;0;0;1;0;0;0;1;1;1;0;1;1;0;0;1;0;1;0;0;0;1;1;1;0;0;1;1;1;0
0;46;0;0;1;1;0;0;0;0;0;1;18;1;0;0;0;0;1;1;0;0;1;0;0;0;0;0;1;0;0;0;0;15;1;1;1;0;1;0;1;1;1;1;0;1;1;0;1;1;0;0;15;1;0.09;1;0;0;1;1;0;0;0;0;0;0;0;0;0;0;0;0;0;0;0;0;0;0;0;14;0;1;1;1;1;1;1;1;1;1;0;1;1;1;1;0;0;0;0;0;0;0;0;1;0;0;0;1;1;1;0;0.99;1;1;0;0;0;1;0;0;0;1;1;1;0;0;0.99;1;1;0
0;46;0;0;1;1;0;0;0;0;0;1;15;0;0;1;0;0;0;1;0;1;1;1;1;1;1;1;1;0.6;0;0;0;14;1;1;1;0;0;0;1;1;1;1;0;1;1;0;1;1;0;1;14;1;1;1;0;0;1;1;0;0;0;0;0;0;0;0;0;0;0;0;0;0;1;0;0;1;1;12;1;1;1;1;0;1;0;1;4;0;0;1;0;1;0;0;0;0;0;0;1;0;0;1;0;0;0;1;1;1;0;0;1;0;0;1;1;0;0;0;1;0;1;1;0;0;1;0.79;1;1
0;42;1;0;0;0;0;0;0;1;0;1;35;0;0;0;1;0;0.51;1;0;1;0;0;0;0;0;0;0;0;0;0;0;15;1;1;0;0;0;0;0;0;0;0;0;1;0;0;0;0;0;0;36;1;1;0;1;0;1;1;0;0;0;0;0;0;0;0;0;0;0;0;0;1;0;0;0;0;0;12.25;0;1;1;1;0;1;1;1;2;0;0;1;0;0;0;0;0;0;0;0;0;0;0;0;1;0;0;1;1;1;0;0.11;1;0;1;0;1;0;0;0;1;0;1;1;0;0;1;1;0.52;0
0;45;1;1;0;0;0;1;0;0;0;1;23.84;0;0;1;0;0;1;1;0;0;0;0;0;0;0;0;0;0;0;0;0;19;0;1;0;0;0;0;0;0;0;0;0;0;0;0;0;0;0;0;27.52;0;0;1;0;0;1;1;0;0;0;0;0;0;0;0;0;0;0;0;0;0;0;0;0;0;0;12;1;1;1;1;1;0;1;1;2;0;0;1;1;1;1;0;0;0;0;0;0;0;0;0;0;1;0;0;1;0;0;1;0;0;1;0;0;1;0;0;1;0;1;1;0;0;1;0;0.36;1
0;36;0;0;0;1;0;0;0;0;0;1;9;0;0;1;0;0;1;0.62;0.42;0;1;1;1;1;1;1;1;0;0;0;0;10;1;1;1;1;1;1;1;1;1;1;1;1;1;0;1;1;0;0;9;1;0;1;0;0;1;1;0;0;0;0;0;0;0;0;0;0;0;0;0;0;0;0;0;0;0;12;0;1;1;1;1;1;1;1;2;0;0;0;1;1;1;0;0;1;0;0;1;0;0;1;0;0;0;1;1;1;0;1;0;0;1;0;0;1;0;0;1;0;0;1;0;0;1;1;1;1
0;36;1;0;0;0;1;0;0;0;0;1;29;0;0;0;1;0;0.71;1;0;1;0;0;0;0;0;0;0;0;0;0;0;21.89;0.55;0.85;0.42;0;0;0;0;0;0;0;0;1;0;0;0;0;0;0;30;0;0;0;1;0;0;0.34;0;0;0;0;0;0;0;0;0;0;0;0;0;0;0;0;0;0;0;20;1;0;0.59;0;0.67;0;0;1;2;1;0;0;0;0;0;0;0;0;0;0;0;0;0;0;1;0;0;1;0;1;0;0.13;1;1;0;0;1;0;0;0;1;0;0.66;1;0;0;0.66;0.5;0.56;0
0;56;0;0;1;0;0;0;1;0;0;1;40.76;0;0;0;1;0;1;1;0;0;0;0;0;0;0;0;0;0;0;0;1;20;1;1;0;0;0;0;0;0;0;0;0;0;0;0;0;0;0;0;38.11;1;0;1;0;0;1;1;0;1;0;0;0;0;0;0;1;0;0;0;0;0;0;0;0;0;0;20;1;1;1;1;1;1;1;1;2;0;0;1;0;0;0;0;0;0;0;0;0;0;0;0;1;0;0;0;1;0;0;0.16;1;0;1;0;0;0;1;0;1;0;1;1;0;0;1;0;0.46;0
0;42;0;0;1;0;0;0;1;0;0;1;16;1;0;0;0;0;0;0;0;0;1;1;1;1;1;1;1;0;0;1;0;19;1;1;0;1;1;1;1;1;1;1;0;1;1;0;1;1;0;0;16;1;0;1;0;0;1;1;1;0;0;0;0;0;0;0;1;0;1;0.3;0;0;0;0;0;0;0;18;1;1;1;1;1;0;0;1;5;1;0;1;1;1;1;0;0;1;1;0;1;0;0;1;0;0;0;1;1;1;0;1;0;0;1;0;0;1;0;0;1;0;1;1;0;0;0.97;0;1;1
0;64;0;0;1;0;0;0;1;0;1;1;27;1;0;0;0;0;1;0;0;0;0;0;0;0;0;0;0;0;0;0;0;23;0;0;0;0;0;0;0;0;0;0;0;0;0;0;0;0;0;0;32.17;0;1;1;0;0;1;1;0;0;0;0;0;0;0;0;0;0;0;0;0;0;0;0;0;0;0;10;0;1;1;1;1;0;1;1;0;0;0;0;0;0;1;0;0;0;0;0;0;0;0;1;0;0;0;1;1;0;1;1;1;0;1;0;0;0;1;0;1;0;1;1;0;0;1;0;0.34;1
0;55;1;0;1;1;0;0;0;0;0;1;40;0;1;0;0;0;1;1;0;0;0;0;0;0;0;0;0;0;0;0;1;21;0;1;0;0;0;0;0;0;0;0;0;0;0;0;0;1;0;0;21;0;0;0;1;0;1;1;1;0;0;0;0;0;0;0;0;0;0;1;0;0;0;0;0;0;0;20;1;1;1;1;1;0;1;1;3;0;0;1;1;0;1;1;1;1;0;1;1;0;0;1;0;0;0;0;1;1;0;0.51;0;0;1;0;0;1;0;0;1;0;0;1;0;0;1;1;0.57;1
0;35;1;0;0;1;0;0;0;0;0;1;19;1;0;0;0;0;1;1;0;0;1;0;0;0;0;0;0;0;0;0;0;15;1;1;0;0;0;0;0;0;0;0;0;0;0;0;0;1;0;0;15;1;0;1;0;0;1;1;0;0;0;0;0;0;0;0;0;0;0;0;0;0;0;0;0;0;0;12;1;1;1;1;1;0;1;1;0;0;0;1;1;1;1;0;0;0;0;0;0;0;0;0;1;0;0;1;1;1;0;0.41;0;0;1;0;0;1;0;0;1;0;1;1;0;0;1;0;1;1
0;42;0;0;1;1;0;0;0;0;0;1;20.61;1;0;0;0;0;0;1;0;0;0;0;1;0;0;0;0;0;0;1;0;17;0;1;0;0;0;0;0;0;0;0;0;0;0;0;0;1;0;0;12;0;1;1;0;0;1;1;0;0;0;0;0;1;0;1;1;1;0;1;0;0;1;0;0;0;1;22;1;1;1;1;1;0;0;1;1;0;0;0;0;0;0;0;0;0;0;0;0;0;0;1;0;0;0;0;1;1;0;0;0;0;1;0;0;1;0;0;1;0;0;1;0;0;1;0;1;1
